student_id,duration_sec,actual_mark,percentage_mark
623aa09afb492fa5df262d0e,107,15.0,100.0
623a7385fb492fa5df1dc1c8,223,15.0,100.0
623a4e17fb492fa5df14fa5b,185,15.0,100.0
623a97dcfb492fa5df24a781,142,15.0,100.0
623a7385fb492fa5df1dc1c8,149,15.0,100.0
623ac942fb492fa5df2caf3e,590,15.0,100.0
623ab493fb492fa5df2978dc,709,15.0,100.0
623ab2d8fb492fa5df2931b1,169,15.0,100.0
623a3c81fb492fa5df0fe0dd,323,15.0,100.0
623a318cfb492fa5df0c2456,646,15.0,100.0
623aa54ffb492fa5df26f883,278,15.0,100.0
623a318efb492fa5df0c24df,293,15.0,100.0
623a4d1afb492fa5df14b55d,835,15.0,100.0
623aa068fb492fa5df26247d,294,15.0,100.0
623a4e17fb492fa5df14fa5b,154,20.0,100.0
623a4aadfb492fa5df140b79,170,20.0,100.0
623a318efb492fa5df0c24df,519,20.0,100.0
623ac8e1fb492fa5df2ca08e,352,20.0,100.0
623a997ffb492fa5df24f25c,780,20.0,100.0
623a4a30fb492fa5df13e85e,737,20.0,100.0
623ac694fb492fa5df2c46e3,472,20.0,100.0
623a41f5fb492fa5df118d02,801,20.0,100.0
623a67b6fb492fa5df1b3bcc,594,20.0,100.0
623acd24fb492fa5df2d4517,376,25.0,100.0
623a7385fb492fa5df1dc1c8,261,25.0,100.0
623a5e57fb492fa5df1918bc,208,25.0,100.0
623ad1befb492fa5df2df54d,1048,25.0,100.0
623aa797fb492fa5df2759dd,662,25.0,100.0
623ab72dfb492fa5df29e41b,750,25.0,100.0
623a3c91fb492fa5df0fe5fc,984,25.0,100.0
623ad09bfb492fa5df2dc9d4,782,30.0,100.0
623a318efb492fa5df0c24df,1783,30.0,100.0
623a3c91fb492fa5df0fe5fc,1310,30.0,100.0
623a318efb492fa5df0c24df,894,30.0,100.0
623acd24fb492fa5df2d4517,162,28.75,95.83
623ad09bfb492fa5df2dc9d4,942,28.75,95.83
623a318cfb492fa5df0c2456,1610,28.75,95.83
623a9117fb492fa5df237351,1367,28.75,95.83
623a8a95fb492fa5df224248,737,28.75,95.83
623acd24fb492fa5df2d4517,597,28.75,95.83
623a3c91fb492fa5df0fe5fc,598,28.75,95.83
623ac5abfb492fa5df2c2367,947,28.75,95.83
623a4e17fb492fa5df14fa5b,265,28.75,95.83
623a67b6fb492fa5df1b3bcc,559,28.75,95.83
623ab9f2fb492fa5df2a539f,1130,28.75,95.83
623a7385fb492fa5df1dc1c8,312,28.75,95.83
623abb50fb492fa5df2a8a8c,1210,19.0,95.0
623ad09bfb492fa5df2dc9d4,578,23.75,95.0
623a614afb492fa5df19ca21,617,23.75,95.0
623a473bfb492fa5df1315ad,510,23.75,95.0
623acd24fb492fa5df2d4517,401,23.75,95.0
623aac8dfb492fa5df282c3d,134,23.75,95.0
623ab72dfb492fa5df29e41b,619,23.75,95.0
623a318efb492fa5df0c24df,1063,23.75,95.0
623a7385fb492fa5df1dc1c8,330,23.75,95.0
623a318efb492fa5df0c24df,1026,23.75,95.0
623a51f3fb492fa5df160079,1442,23.75,95.0
623abc17fb492fa5df2aa99d,548,23.75,95.0
623a4e7cfb492fa5df1515a9,180,23.75,95.0
623a8a95fb492fa5df224248,985,23.75,95.0
623acd24fb492fa5df2d4517,480,23.75,95.0
623a318efb492fa5df0c24df,935,23.75,95.0
623acb7cfb492fa5df2d04f4,159,18.75,93.75
623ab88bfb492fa5df2a1b70,1120,18.75,93.75
623a72ecfb492fa5df1da27e,1060,18.75,93.75
623aa797fb492fa5df2759dd,349,18.75,93.75
623ab9f2fb492fa5df2a539f,201,18.75,93.75
623a68a2fb492fa5df1b7010,506,18.75,93.75
623a75eefb492fa5df1e3fd2,615,18.75,93.75
623abc69fb492fa5df2ab667,542,18.75,93.75
623ac061fb492fa5df2b5443,919,18.75,93.75
623a9531fb492fa5df242f5c,750,18.75,93.75
623a58bbfb492fa5df17bb36,593,18.75,93.75
623a4d1afb492fa5df14b55d,1118,18.75,93.75
623a88eafb492fa5df21f2c8,291,18.75,93.75
623ac5abfb492fa5df2c2367,336,18.75,93.75
623a3c91fb492fa5df0fe5fc,520,27.75,92.5
623aa09afb492fa5df262d0e,155,13.75,91.67
623aa09afb492fa5df262d0e,359,13.75,91.67
623a41cffb492fa5df1181bd,596,13.75,91.67
623acd8dfb492fa5df2d54bb,397,13.75,91.67
623acd24fb492fa5df2d4517,299,13.75,91.67
623a51f3fb492fa5df160079,143,13.75,91.67
623aa797fb492fa5df2759dd,444,13.75,91.67
623a8d34fb492fa5df22be24,380,13.75,91.67
623ac604fb492fa5df2c30de,312,13.75,91.67
623a318efb492fa5df0c24df,337,13.75,91.67
623a3c81fb492fa5df0fe0dd,584,13.75,91.67
623a52b1fb492fa5df1631fe,441,13.75,91.67
623ab3e3fb492fa5df295ca1,346,13.75,91.67
623ab8eefb492fa5df2a2ac2,244,13.75,91.67
623ad1befb492fa5df2df54d,265,13.75,91.67
623a9be9fb492fa5df255d46,540,13.75,91.67
623a8a95fb492fa5df224248,231,13.75,91.67
623ac77bfb492fa5df2c6a13,260,13.75,91.67
623a75eefb492fa5df1e3fd2,310,13.75,91.67
623a97dcfb492fa5df24a781,206,13.75,91.67
623a67b6fb492fa5df1b3bcc,384,13.75,91.67
623ad09bfb492fa5df2dc9d4,846,27.5,91.67
623ab3e3fb492fa5df295ca1,207,27.5,91.67
623a473bfb492fa5df1315ad,1304,27.5,91.67
623ad1befb492fa5df2df54d,982,27.5,91.67
623acd8dfb492fa5df2d54bb,1179,27.5,91.67
623a710ffb492fa5df1d401d,500,27.5,91.67
623a7385fb492fa5df1dc1c8,396,27.5,91.67
623abbadfb492fa5df2a98e7,813,27.5,91.67
623a3c81fb492fa5df0fe0dd,942,27.5,91.67
623a7385fb492fa5df1dc1c8,460,27.5,91.67
623ac942fb492fa5df2caf3e,825,27.5,91.67
623ac8e1fb492fa5df2ca08e,563,27.5,91.67
623a7025fb492fa5df1d0ebc,326,27.5,91.67
623a7025fb492fa5df1d0ebc,295,27.5,91.67
623a46ccfb492fa5df12f732,1045,27.5,91.67
623ab72dfb492fa5df29e41b,1251,27.5,91.67
623ac268fb492fa5df2ba3fb,968,27.5,91.67
623ac8e1fb492fa5df2ca08e,591,27.5,91.67
623ad09bfb492fa5df2dc9d4,678,22.5,90.0
623aac8dfb492fa5df282c3d,413,22.5,90.0
623ad09bfb492fa5df2dc9d4,304,22.5,90.0
623aac8dfb492fa5df282c3d,237,22.5,90.0
623a9cdcfb492fa5df258784,732,22.5,90.0
623a473bfb492fa5df1315ad,890,22.5,90.0
623a41f5fb492fa5df118d02,840,22.5,90.0
623a9117fb492fa5df237351,1116,22.5,90.0
623ad1befb492fa5df2df54d,958,22.5,90.0
623a5280fb492fa5df1624f7,989,22.5,90.0
623acd24fb492fa5df2d4517,360,22.5,90.0
623aada9fb492fa5df285b20,451,22.5,90.0
623ab51afb492fa5df298ed5,545,22.5,90.0
623a7385fb492fa5df1dc1c8,279,22.5,90.0
623a9cdcfb492fa5df258784,775,22.5,90.0
623ac942fb492fa5df2caf3e,1086,22.5,90.0
623ad1befb492fa5df2df54d,462,22.5,90.0
623a4e50fb492fa5df1509dc,1191,22.5,90.0
623a9117fb492fa5df237351,1117,22.5,90.0
623a4e17fb492fa5df14fa5b,320,22.5,90.0
623a75eefb492fa5df1e3fd2,652,22.5,90.0
623aa09afb492fa5df262d0e,551,22.5,90.0
623a4e50fb492fa5df1509dc,1007,22.5,90.0
623a9117fb492fa5df237351,913,22.5,90.0
623ac942fb492fa5df2caf3e,1231,22.5,90.0
623ad09bfb492fa5df2dc9d4,629,26.75,89.17
623a925efb492fa5df23ae5a,358,17.75,88.75
623ab9f2fb492fa5df2a539f,881,26.5,88.33
623ad09bfb492fa5df2dc9d4,489,26.5,88.33
623acd24fb492fa5df2d4517,121,17.5,87.5
623acb7cfb492fa5df2d04f4,133,17.5,87.5
623ab2ccfb492fa5df292fb3,511,17.5,87.5
623a46ccfb492fa5df12f732,1210,17.5,87.5
623a42b2fb492fa5df11c4b7,728,17.5,87.5
623a7025fb492fa5df1d0ebc,595,17.5,87.5
623a84f3fb492fa5df2132bc,441,17.5,87.5
623aa068fb492fa5df26247d,1065,17.5,87.5
623abacbfb492fa5df2a75a8,470,17.5,87.5
623aad43fb492fa5df284aa3,729,17.5,87.5
623a9cdcfb492fa5df258784,1086,17.5,87.5
623aa5e9fb492fa5df271253,1191,17.5,87.5
623a4e17fb492fa5df14fa5b,1210,17.5,87.5
623a8a95fb492fa5df224248,298,17.5,87.5
623ab8eefb492fa5df2a2ac2,174,17.5,87.5
623a7385fb492fa5df1dc1c8,134,17.5,87.5
623a56affb492fa5df173709,323,17.5,87.5
623a8a9bfb492fa5df224394,264,17.5,87.5
623aa874fb492fa5df277ec2,322,17.5,87.5
623acc94fb492fa5df2d2fb1,291,17.5,87.5
623ad09bfb492fa5df2dc9d4,1077,26.25,87.5
623ad09bfb492fa5df2dc9d4,486,26.25,87.5
623ab72dfb492fa5df29e41b,1430,26.25,87.5
623ac604fb492fa5df2c30de,731,26.25,87.5
623a3c81fb492fa5df0fe0dd,937,26.25,87.5
623a4e50fb492fa5df1509dc,851,26.25,87.5
623a4e17fb492fa5df14fa5b,310,26.25,87.5
623a4e50fb492fa5df1509dc,955,26.25,87.5
623ab8abfb492fa5df2a2075,1467,26.25,87.5
623ab3e3fb492fa5df295ca1,948,26.25,87.5
623ac942fb492fa5df2caf3e,1217,26.25,87.5
623a8d34fb492fa5df22be24,660,26.25,87.5
623ab88bfb492fa5df2a1b70,1772,26.25,87.5
623a5759fb492fa5df1761dc,1178,26.25,87.5
623ac953fb492fa5df2cb1d9,1120,26.25,87.5
623ad1befb492fa5df2df54d,435,26.25,87.5
623ad1befb492fa5df2df54d,846,26.25,87.5
623acccdfb492fa5df2d382b,1012,26.25,87.5
623ac5abfb492fa5df2c2367,1283,26.25,87.5
623a4e50fb492fa5df1509dc,839,26.25,87.5
623a473bfb492fa5df1315ad,1413,26.25,87.5
623a8a9bfb492fa5df224394,548,26.25,87.5
623abb50fb492fa5df2a8a8c,1800,26.25,87.5
623a6992fb492fa5df1ba4f2,1415,26.25,87.5
623a9af1fb492fa5df2532de,739,26.25,87.5
623a6edbfb492fa5df1cc87f,495,26.25,87.5
623a56affb492fa5df173709,734,26.25,87.5
623a8ec2fb492fa5df230611,422,26.25,87.5
623ac5abfb492fa5df2c2367,705,26.25,87.5
623abc17fb492fa5df2aa99d,994,26.25,87.5
623a710ffb492fa5df1d401d,404,26.25,87.5
623a8675fb492fa5df217c5b,774,21.75,87.0
623ad09bfb492fa5df2dc9d4,437,21.5,86.0
623ad09bfb492fa5df2dc9d4,565,21.5,86.0
623a5825fb492fa5df17957d,1408,21.5,86.0
623a8a95fb492fa5df224248,486,21.5,86.0
623aa09cfb492fa5df262d86,647,21.5,86.0
623a3c91fb492fa5df0fe5fc,1266,21.5,86.0
623ad09bfb492fa5df2dc9d4,764,25.75,85.83
623ab9f2fb492fa5df2a539f,1749,25.75,85.83
623a6d59fb492fa5df1c764b,185,12.75,85.0
623a8675fb492fa5df217c5b,564,12.75,85.0
623a6ae8fb492fa5df1beee1,122,17.0,85.0
623ad09bfb492fa5df2dc9d4,217,21.25,85.0
623ad09bfb492fa5df2dc9d4,1160,21.25,85.0
623ad09bfb492fa5df2dc9d4,332,21.25,85.0
623a41cffb492fa5df1181bd,519,21.25,85.0
623abd09fb492fa5df2acf82,616,21.25,85.0
623a75eefb492fa5df1e3fd2,223,21.25,85.0
623ab928fb492fa5df2a340e,379,21.25,85.0
623a6d59fb492fa5df1c764b,690,21.25,85.0
623a56affb492fa5df173709,489,21.25,85.0
623ac942fb492fa5df2caf3e,97,21.25,85.0
623a8a9bfb492fa5df224394,471,21.25,85.0
623a47cbfb492fa5df133d9c,436,21.25,85.0
623aa797fb492fa5df2759dd,893,21.25,85.0
623a67b6fb492fa5df1b3bcc,404,21.25,85.0
623acccdfb492fa5df2d382b,847,21.25,85.0
623a318efb492fa5df0c24df,1180,21.25,85.0
623a6d59fb492fa5df1c764b,1188,21.25,85.0
623ac942fb492fa5df2caf3e,1004,21.25,85.0
623acc94fb492fa5df2d2fb1,487,21.25,85.0
623acd8dfb492fa5df2d54bb,909,21.25,85.0
623a8a95fb492fa5df224248,452,21.25,85.0
623abc17fb492fa5df2aa99d,372,21.25,85.0
623a9be9fb492fa5df255d46,991,21.25,85.0
623a9d5efb492fa5df259e0e,842,21.25,85.0
623a4e17fb492fa5df14fa5b,262,21.25,85.0
623aac8dfb492fa5df282c3d,114,21.25,85.0
623ad1befb492fa5df2df54d,1810,25.5,85.0
623a9324fb492fa5df23d212,993,25.5,85.0
623a9117fb492fa5df237351,967,25.25,84.17
623ab9f2fb492fa5df2a539f,1438,25.25,84.17
623a318efb492fa5df0c24df,1288,25.25,84.17
623a5ab2fb492fa5df1836b5,907,25.25,84.17
623a8a95fb492fa5df224248,607,25.25,84.17
623a9fc8fb492fa5df260923,991,25.25,84.17
623a925efb492fa5df23ae5a,552,16.75,83.75
623a51f3fb492fa5df160079,160,12.5,83.33
623a9be9fb492fa5df255d46,262,12.5,83.33
623a318cfb492fa5df0c2456,809,12.5,83.33
623abbadfb492fa5df2a98e7,226,12.5,83.33
623ab8eefb492fa5df2a2ac2,545,12.5,83.33
623ab51afb492fa5df298ed5,472,12.5,83.33
623ab44efb492fa5df296daf,895,12.5,83.33
623a8675fb492fa5df217c5b,528,12.5,83.33
623a473bfb492fa5df1315ad,696,12.5,83.33
623ad1befb492fa5df2df54d,285,12.5,83.33
623a338ffb492fa5df0cde2b,279,12.5,83.33
623a8d34fb492fa5df22be24,86,12.5,83.33
623a5fc0fb492fa5df196e94,446,12.5,83.33
623a710ffb492fa5df1d401d,227,12.5,83.33
623ac604fb492fa5df2c30de,533,12.5,83.33
623a4e17fb492fa5df14fa5b,132,12.5,83.33
623a4dc9fb492fa5df14e541,793,12.5,83.33
623a4c11fb492fa5df146d79,552,12.5,83.33
623a62b1fb492fa5df1a1d37,889,12.5,83.33
623a9930fb492fa5df24e40b,262,12.5,83.33
623ad09bfb492fa5df2dc9d4,1168,25.0,83.33
623a46d7fb492fa5df12fa61,1635,25.0,83.33
623a3a98fb492fa5df0f44cf,962,25.0,83.33
623aa5e9fb492fa5df271253,301,25.0,83.33
623acc94fb492fa5df2d2fb1,652,25.0,83.33
623ad09bfb492fa5df2dc9d4,1162,25.0,83.33
623a318cfb492fa5df0c2456,1751,25.0,83.33
623a75eefb492fa5df1e3fd2,938,25.0,83.33
623a7025fb492fa5df1d0ebc,478,25.0,83.33
623aa797fb492fa5df2759dd,756,25.0,83.33
623a9117fb492fa5df237351,831,25.0,83.33
623a71d0fb492fa5df1d67dc,1581,25.0,83.33
623a338ffb492fa5df0cde2b,1126,25.0,83.33
623ab51afb492fa5df298ed5,566,25.0,83.33
623a9fc8fb492fa5df260923,577,25.0,83.33
623a9d5efb492fa5df259e0e,941,25.0,83.33
623a8a95fb492fa5df224248,1039,25.0,83.33
623a52b1fb492fa5df1631fe,1321,25.0,83.33
623a4f0cfb492fa5df153bc4,347,25.0,83.33
623ad09bfb492fa5df2dc9d4,1166,25.0,83.33
623acd24fb492fa5df2d4517,441,25.0,83.33
623a6229fb492fa5df19fdde,821,25.0,83.33
623a338ffb492fa5df0cde2b,1007,25.0,83.33
623a318efb492fa5df0c24df,856,25.0,83.33
623a4e17fb492fa5df14fa5b,230,25.0,83.33
623a8a95fb492fa5df224248,733,25.0,83.33
623ac77bfb492fa5df2c6a13,903,25.0,83.33
623a9c83fb492fa5df2577ed,478,25.0,83.33
623a8a95fb492fa5df224248,701,25.0,83.33
623ab928fb492fa5df2a340e,744,25.0,83.33
623ac942fb492fa5df2caf3e,1126,25.0,83.33
623a9117fb492fa5df237351,658,25.0,83.33
623a67b6fb492fa5df1b3bcc,448,25.0,83.33
623acccdfb492fa5df2d382b,1116,25.0,83.33
623ab88bfb492fa5df2a1b70,766,25.0,83.33
623a7861fb492fa5df1ebe12,1800,25.0,83.33
623a318efb492fa5df0c24df,845,25.0,83.33
623a4e27fb492fa5df14feb0,1743,25.0,83.33
623ab2d8fb492fa5df2931b1,507,25.0,83.33
623ac536fb492fa5df2c1193,1060,25.0,83.33
623aa797fb492fa5df2759dd,1672,25.0,83.33
623ac061fb492fa5df2b5443,1257,25.0,83.33
623a3989fb492fa5df0eed47,900,25.0,83.33
623a925efb492fa5df23ae5a,1409,25.0,83.33
623a614afb492fa5df19ca21,677,25.0,83.33
623aa09cfb492fa5df262d86,682,20.75,83.0
623a710ffb492fa5df1d401d,459,20.75,83.0
623a5ab2fb492fa5df1836b5,481,16.5,82.5
623a6ae8fb492fa5df1beee1,208,16.5,82.5
623a4aadfb492fa5df140b79,243,16.25,81.25
623a42b2fb492fa5df11c4b7,178,16.25,81.25
623ac694fb492fa5df2c46e3,879,16.25,81.25
623a9531fb492fa5df242f5c,486,16.25,81.25
623a4e50fb492fa5df1509dc,213,16.25,81.25
623ac536fb492fa5df2c1193,700,16.25,81.25
623a61f6fb492fa5df19f207,383,16.25,81.25
623a6f07fb492fa5df1cd1cb,815,16.25,81.25
623acb7cfb492fa5df2d04f4,527,16.25,81.25
623a4da1fb492fa5df14da68,736,16.25,81.25
623ab8c4fb492fa5df2a2457,257,16.25,81.25
623a8ec2fb492fa5df230611,276,16.25,81.25
623a3b20fb492fa5df0f7063,328,16.25,81.25
623a9117fb492fa5df237351,1086,16.25,81.25
623a7eeafb492fa5df2008db,295,16.25,81.25
623a98cffb492fa5df24d300,1057,16.25,81.25
623a8c9dfb492fa5df22a281,1080,16.25,81.25
623ab8d2fb492fa5df2a268e,228,16.25,81.25
623aa692fb492fa5df272e4b,489,16.25,81.25
623ac953fb492fa5df2cb1d9,454,16.25,81.25
623a9fc8fb492fa5df260923,455,16.25,81.25
623a41cffb492fa5df1181bd,212,16.25,81.25
623ab24bfb492fa5df291ac4,295,16.25,81.25
623a3c91fb492fa5df0fe5fc,254,16.25,81.25
623a8b31fb492fa5df225f95,516,16.25,81.25
623a925efb492fa5df23ae5a,321,16.25,81.25
623a3989fb492fa5df0eed47,964,16.25,81.25
623acb7cfb492fa5df2d04f4,1175,20.25,81.0
623a6d59fb492fa5df1c764b,754,24.25,80.83
623a9324fb492fa5df23d212,652,16.0,80.0
623ad09bfb492fa5df2dc9d4,318,20.0,80.0
623ac942fb492fa5df2caf3e,244,20.0,80.0
623ac953fb492fa5df2cb1d9,723,20.0,80.0
623acd24fb492fa5df2d4517,181,20.0,80.0
623a46ccfb492fa5df12f732,891,20.0,80.0
623acba8fb492fa5df2d0ba7,399,20.0,80.0
623ab8d2fb492fa5df2a268e,444,20.0,80.0
623acdbffb492fa5df2d5c51,630,20.0,80.0
623a9be9fb492fa5df255d46,805,20.0,80.0
623ab8eefb492fa5df2a2ac2,323,20.0,80.0
623aa09cfb492fa5df262d86,694,20.0,80.0
623ab51afb492fa5df298ed5,1002,20.0,80.0
623aa068fb492fa5df26247d,630,20.0,80.0
623ac8e1fb492fa5df2ca08e,365,20.0,80.0
623acbf7fb492fa5df2d17a1,770,20.0,80.0
623a9be9fb492fa5df255d46,1365,20.0,80.0
623aa5e9fb492fa5df271253,524,20.0,80.0
623ac953fb492fa5df2cb1d9,669,20.0,80.0
623a8a95fb492fa5df224248,662,20.0,80.0
623a318cfb492fa5df0c2456,1500,20.0,80.0
623ac8e1fb492fa5df2ca08e,377,20.0,80.0
623ad09bfb492fa5df2dc9d4,594,20.0,80.0
623ab51afb492fa5df298ed5,588,20.0,80.0
623ab88bfb492fa5df2a1b70,803,20.0,80.0
623ac953fb492fa5df2cb1d9,575,20.0,80.0
623aa09afb492fa5df262d0e,721,20.0,80.0
623ab8abfb492fa5df2a2075,648,20.0,80.0
623a925efb492fa5df23ae5a,701,24.0,80.0
623a9531fb492fa5df242f5c,1098,24.0,80.0
623a7666fb492fa5df1e5873,461,24.0,80.0
623a710ffb492fa5df1d401d,494,24.0,80.0
623a6d59fb492fa5df1c764b,856,24.0,80.0
623ab929fb492fa5df2a343c,1659,24.0,80.0
623a5825fb492fa5df17957d,1774,24.0,80.0
623aa7c1fb492fa5df2760bd,1470,24.0,80.0
623ab34ffb492fa5df2944b6,1043,23.75,79.17
623a84f3fb492fa5df2132bc,1234,23.75,79.17
623ad444fb492fa5df2e54b2,1796,23.75,79.17
623a75eefb492fa5df1e3fd2,1423,23.75,79.17
623ad1befb492fa5df2df54d,408,23.75,79.17
623a3b3afb492fa5df0f7885,1105,23.75,79.17
623aa5e9fb492fa5df271253,327,23.75,79.17
623abc17fb492fa5df2aa99d,390,23.75,79.17
623a88eafb492fa5df21f2c8,897,23.75,79.17
623a84f3fb492fa5df2132bc,1034,23.75,79.17
623ac604fb492fa5df2c30de,573,23.75,79.17
623a46d7fb492fa5df12fa61,1227,23.75,79.17
623a4a30fb492fa5df13e85e,1382,23.75,79.17
623a7670fb492fa5df1e5a75,826,23.75,79.17
623a75eefb492fa5df1e3fd2,1184,23.75,79.17
623abca6fb492fa5df2abfee,946,23.75,79.17
623a3b3afb492fa5df0f7885,1546,23.75,79.17
623a4f0cfb492fa5df153bc4,1810,23.75,79.17
623a46ccfb492fa5df12f732,1050,23.75,79.17
623a608cfb492fa5df199dfd,758,23.75,79.17
623a4e07fb492fa5df14f604,872,23.75,79.17
623abc17fb492fa5df2aa99d,1145,23.75,79.17
623ac953fb492fa5df2cb1d9,724,23.75,79.17
623a7327fb492fa5df1dae44,668,23.75,79.17
623aa692fb492fa5df272e4b,818,23.75,79.17
623a8675fb492fa5df217c5b,1056,23.75,79.17
623a4e50fb492fa5df1509dc,357,23.75,79.17
623a58bbfb492fa5df17bb36,1471,23.75,79.17
623a5b71fb492fa5df18650d,1345,23.75,79.17
623a5501fb492fa5df16ca79,1566,23.75,79.17
623a6a64fb492fa5df1bd2c2,1411,23.75,79.17
623a4e07fb492fa5df14f604,791,23.75,79.17
623ac953fb492fa5df2cb1d9,937,23.75,79.17
623acc94fb492fa5df2d2fb1,461,23.75,79.17
623acba8fb492fa5df2d0ba7,1463,23.75,79.17
623aa09afb492fa5df262d0e,403,23.75,79.17
623a72c0fb492fa5df1d993e,648,15.75,78.75
623ab929fb492fa5df2a343c,998,23.5,78.33
623a4daffb492fa5df14de4a,239,15.5,77.5
623a5825fb492fa5df17957d,1786,23.25,77.5
623a9324fb492fa5df23d212,460,11.5,76.67
623a4076fb492fa5df111aae,509,11.5,76.67
623a675ffb492fa5df1b28a9,279,11.5,76.67
623a4337fb492fa5df11ec48,469,11.5,76.67
623acf03fb492fa5df2d8ca8,413,11.5,76.67
623aa09cfb492fa5df262d86,1307,23.0,76.67
623a3c91fb492fa5df0fe5fc,1050,23.0,76.67
623abacbfb492fa5df2a75a8,1182,23.0,76.67
623a9af1fb492fa5df2532de,352,15.25,76.25
623ad09bfb492fa5df2dc9d4,261,19.0,76.0
623acf03fb492fa5df2d8ca8,455,19.0,76.0
623a710ffb492fa5df1d401d,451,19.0,76.0
623ab8d2fb492fa5df2a268e,904,22.75,75.83
623a4337fb492fa5df11ec48,1063,22.75,75.83
623ad09bfb492fa5df2dc9d4,682,22.75,75.83
623a9fc8fb492fa5df260923,352,11.25,75.0
623a925efb492fa5df23ae5a,701,11.25,75.0
623a4567fb492fa5df129054,748,11.25,75.0
623ac942fb492fa5df2caf3e,543,11.25,75.0
623a71d0fb492fa5df1d67dc,218,11.25,75.0
623a925efb492fa5df23ae5a,165,11.25,75.0
623a8ea6fb492fa5df2300d1,521,11.25,75.0
623a6229fb492fa5df19fdde,322,11.25,75.0
623aca29fb492fa5df2cd1ff,688,11.25,75.0
623a71d0fb492fa5df1d67dc,226,11.25,75.0
623a3243fb492fa5df0c6751,246,11.25,75.0
623ac953fb492fa5df2cb1d9,125,11.25,75.0
623a7b9efb492fa5df1f6373,218,11.25,75.0
623aa09cfb492fa5df262d86,399,11.25,75.0
623a574ffb492fa5df175f7d,408,11.25,75.0
623ab88bfb492fa5df2a1b70,762,11.25,75.0
623ab1ddfb492fa5df2908d3,496,11.25,75.0
623aba2cfb492fa5df2a5c9f,237,11.25,75.0
623a70fafb492fa5df1d3bb2,283,11.25,75.0
623a84f3fb492fa5df2132bc,439,11.25,75.0
623a74effb492fa5df1e0bc8,546,11.25,75.0
623a58e1fb492fa5df17c4a8,574,11.25,75.0
623abc17fb492fa5df2aa99d,632,15.0,75.0
623ab2ccfb492fa5df292fb3,179,15.0,75.0
623abc17fb492fa5df2aa99d,205,15.0,75.0
623a4e17fb492fa5df14fa5b,975,15.0,75.0
623a7861fb492fa5df1ebe12,726,15.0,75.0
623a4aadfb492fa5df140b79,236,15.0,75.0
623abc17fb492fa5df2aa99d,203,15.0,75.0
623a608cfb492fa5df199dfd,173,15.0,75.0
623ab59afb492fa5df29a357,747,15.0,75.0
623a7eeafb492fa5df2008db,245,15.0,75.0
623ac775fb492fa5df2c693d,707,15.0,75.0
623a4c11fb492fa5df146d79,955,15.0,75.0
623a60e4fb492fa5df19b274,663,15.0,75.0
623a5fddfb492fa5df197558,185,15.0,75.0
623ab2ccfb492fa5df292fb3,257,15.0,75.0
623ab587fb492fa5df29a038,753,15.0,75.0
623a99c6fb492fa5df24fee3,335,15.0,75.0
623ac40ffb492fa5df2be482,1127,15.0,75.0
623a52b1fb492fa5df1631fe,723,15.0,75.0
623a72c0fb492fa5df1d993e,239,15.0,75.0
623ab96afb492fa5df2a3e48,792,15.0,75.0
623a318cfb492fa5df0c2456,1011,15.0,75.0
623a7861fb492fa5df1ebe12,1033,15.0,75.0
623a7666fb492fa5df1e5873,682,15.0,75.0
623ab3e3fb492fa5df295ca1,129,15.0,75.0
623a608cfb492fa5df199dfd,188,15.0,75.0
623a614afb492fa5df19ca21,432,15.0,75.0
623a62a3fb492fa5df1a19f9,1186,15.0,75.0
623ab4b2fb492fa5df297ddc,433,15.0,75.0
623a9945fb492fa5df24e7e6,505,15.0,75.0
623a42b2fb492fa5df11c4b7,444,15.0,75.0
623aa928fb492fa5df279cb4,125,15.0,75.0
623ab177fb492fa5df28f850,460,15.0,75.0
623a950cfb492fa5df2428b0,1160,15.0,75.0
623ad5effb492fa5df2e92ab,242,15.0,75.0
623a4e50fb492fa5df1509dc,423,15.0,75.0
623acba8fb492fa5df2d0ba7,725,15.0,75.0
623ab7bdfb492fa5df29facc,640,15.0,75.0
623ac536fb492fa5df2c1193,131,15.0,75.0
623a884efb492fa5df21d5e7,216,15.0,75.0
623a473bfb492fa5df1315ad,855,15.0,75.0
623a4e7cfb492fa5df1515a9,315,18.75,75.0
623ad09bfb492fa5df2dc9d4,298,18.75,75.0
623a4e7cfb492fa5df1515a9,341,18.75,75.0
623a75eefb492fa5df1e3fd2,295,18.75,75.0
623ac942fb492fa5df2caf3e,815,18.75,75.0
623a8675fb492fa5df217c5b,555,18.75,75.0
623a8694fb492fa5df21823e,1154,18.75,75.0
623aba2cfb492fa5df2a5c9f,500,18.75,75.0
623ad09bfb492fa5df2dc9d4,210,18.75,75.0
623ab929fb492fa5df2a343c,1398,18.75,75.0
623a8004fb492fa5df203f96,237,18.75,75.0
623ac5abfb492fa5df2c2367,487,18.75,75.0
623acc94fb492fa5df2d2fb1,335,18.75,75.0
623a48d2fb492fa5df138705,459,18.75,75.0
623ab2d8fb492fa5df2931b1,376,18.75,75.0
623a7861fb492fa5df1ebe12,1335,18.75,75.0
623a6f07fb492fa5df1cd1cb,878,18.75,75.0
623a9d5efb492fa5df259e0e,711,18.75,75.0
623abc75fb492fa5df2ab84a,488,18.75,75.0
623a710ffb492fa5df1d401d,269,18.75,75.0
623ab587fb492fa5df29a038,401,18.75,75.0
623a58e1fb492fa5df17c4a8,951,18.75,75.0
623a3a1efb492fa5df0f1d9e,906,18.75,75.0
623a3989fb492fa5df0eed47,1051,18.75,75.0
623a4f0ffb492fa5df153cc2,710,18.75,75.0
623a473bfb492fa5df1315ad,1008,18.75,75.0
623ab2d8fb492fa5df2931b1,300,18.75,75.0
623a7b9efb492fa5df1f6373,461,18.75,75.0
623a3c81fb492fa5df0fe0dd,535,18.75,75.0
623a58e1fb492fa5df17c4a8,1340,18.75,75.0
623a7eeafb492fa5df2008db,931,18.75,75.0
623abbadfb492fa5df2a98e7,383,18.75,75.0
623a46d7fb492fa5df12fa61,1020,18.75,75.0
623ac604fb492fa5df2c30de,572,18.75,75.0
623a75eefb492fa5df1e3fd2,819,18.75,75.0
623ad1befb492fa5df2df54d,514,18.75,75.0
623aa5e9fb492fa5df271253,732,18.75,75.0
623a4c11fb492fa5df146d79,891,18.75,75.0
623ac8e1fb492fa5df2ca08e,439,18.75,75.0
623a4076fb492fa5df111aae,553,22.5,75.0
623ab3e3fb492fa5df295ca1,234,22.5,75.0
623aa09afb492fa5df262d0e,724,22.5,75.0
623ad09bfb492fa5df2dc9d4,1053,22.5,75.0
623a4e50fb492fa5df1509dc,496,22.5,75.0
623a7b9efb492fa5df1f6373,930,22.5,75.0
623ac942fb492fa5df2caf3e,659,22.5,75.0
623a9930fb492fa5df24e40b,750,22.5,75.0
623abc17fb492fa5df2aa99d,548,22.5,75.0
623a9cdcfb492fa5df258784,877,22.5,75.0
623a4f0cfb492fa5df153bc4,942,22.5,75.0
623a7eeafb492fa5df2008db,724,22.5,75.0
623a4076fb492fa5df111aae,788,22.5,75.0
623a88eafb492fa5df21f2c8,722,22.5,75.0
623ab1ddfb492fa5df2908d3,1149,22.5,75.0
623a8787fb492fa5df21b014,211,22.5,75.0
623aa797fb492fa5df2759dd,537,22.5,75.0
623a941afb492fa5df23fdf8,1162,22.5,75.0
623a473bfb492fa5df1315ad,1272,22.5,75.0
623aa09afb492fa5df262d0e,936,22.5,75.0
623a4076fb492fa5df111aae,452,22.5,75.0
623acf03fb492fa5df2d8ca8,1438,22.5,75.0
623a41cffb492fa5df1181bd,1401,22.5,75.0
623aa797fb492fa5df2759dd,710,22.5,75.0
623a84f3fb492fa5df2132bc,1090,22.5,75.0
623a7385fb492fa5df1dc1c8,470,22.5,75.0
623ab4b2fb492fa5df297ddc,568,22.5,75.0
623aac85fb492fa5df282af8,1784,22.5,75.0
623accbbfb492fa5df2d354c,987,22.5,75.0
623a9324fb492fa5df23d212,1345,22.5,75.0
623a75eefb492fa5df1e3fd2,1069,22.5,75.0
623a52b1fb492fa5df1631fe,1437,22.5,75.0
623a4e6cfb492fa5df151173,1078,22.5,75.0
623a950cfb492fa5df2428b0,612,22.5,75.0
623a5280fb492fa5df1624f7,1333,22.5,75.0
623a9be9fb492fa5df255d46,1623,22.5,75.0
623ab51afb492fa5df298ed5,1012,22.5,75.0
623a5e57fb492fa5df1918bc,202,22.5,75.0
623ab493fb492fa5df2978dc,1435,18.5,74.0
623aae0cfb492fa5df286b6f,643,14.75,73.75
623a9531fb492fa5df242f5c,801,22.0,73.33
623a6d59fb492fa5df1c764b,619,14.5,72.5
623ab752fb492fa5df29ea1b,1281,21.75,72.5
623a3243fb492fa5df0c6751,653,18.0,72.0
623aa09afb492fa5df262d0e,205,10.75,71.67
623a8675fb492fa5df217c5b,1045,21.5,71.67
623aa09cfb492fa5df262d86,1290,21.5,71.67
623a8675fb492fa5df217c5b,656,21.5,71.67
623a941afb492fa5df23fdf8,1508,21.5,71.67
623a846afb492fa5df2118a2,694,21.5,71.67
623a9684fb492fa5df246ad3,1019,14.25,71.25
623ab8abfb492fa5df2a2075,298,17.75,71.0
623a8675fb492fa5df217c5b,1033,17.75,71.0
623ad09bfb492fa5df2dc9d4,398,21.25,70.83
623abc75fb492fa5df2ab84a,1204,21.25,70.83
623a9fc8fb492fa5df260923,832,21.25,70.83
623ac953fb492fa5df2cb1d9,978,21.25,70.83
623ac604fb492fa5df2c30de,830,21.25,70.83
623a3a98fb492fa5df0f44cf,504,21.25,70.83
623a9117fb492fa5df237351,636,21.25,70.83
623a4e27fb492fa5df14feb0,1652,21.25,70.83
623a9117fb492fa5df237351,1740,21.25,70.83
623ab928fb492fa5df2a340e,721,21.25,70.83
623a71d0fb492fa5df1d67dc,577,21.25,70.83
623ab8eefb492fa5df2a2ac2,768,21.25,70.83
623acd24fb492fa5df2d4517,463,21.25,70.83
623a47cbfb492fa5df133d9c,528,21.25,70.83
623a4f0ffb492fa5df153cc2,1705,21.25,70.83
623ab8d2fb492fa5df2a268e,927,21.25,70.83
623acc94fb492fa5df2d2fb1,492,21.25,70.83
623abc75fb492fa5df2ab84a,869,21.25,70.83
623a75eefb492fa5df1e3fd2,1344,21.25,70.83
623a8694fb492fa5df21823e,1266,21.25,70.83
623ab7bdfb492fa5df29facc,750,21.25,70.83
623a473bfb492fa5df1315ad,1095,21.25,70.83
623ace10fb492fa5df2d6837,876,21.25,70.83
623a4f0cfb492fa5df153bc4,1198,21.25,70.83
623a608cfb492fa5df199dfd,380,21.25,70.83
623aa83ffb492fa5df2775ed,1152,21.25,70.83
623a88eafb492fa5df21f2c8,357,21.25,70.83
623aa212fb492fa5df266d33,1033,21.25,70.83
623acdbffb492fa5df2d5c51,1008,21.25,70.83
623ab2ccfb492fa5df292fb3,255,21.25,70.83
623acd24fb492fa5df2d4517,238,21.25,70.83
623a3c91fb492fa5df0fe5fc,849,10.5,70.0
623a9117fb492fa5df237351,536,10.5,70.0
623ab929fb492fa5df2a343c,901,10.5,70.0
623a3979fb492fa5df0ee826,615,10.5,70.0
623a51f3fb492fa5df160079,419,17.5,70.0
623a4e7cfb492fa5df1515a9,298,17.5,70.0
623a75eefb492fa5df1e3fd2,448,17.5,70.0
623aa09afb492fa5df262d0e,417,17.5,70.0
623a48d2fb492fa5df138705,282,17.5,70.0
623ab587fb492fa5df29a038,711,17.5,70.0
623a4f0cfb492fa5df153bc4,469,17.5,70.0
623a7b9efb492fa5df1f6373,389,17.5,70.0
623a4c11fb492fa5df146d79,1014,17.5,70.0
623ab3e3fb492fa5df295ca1,181,17.5,70.0
623a74effb492fa5df1e0bc8,964,17.5,70.0
623a9af1fb492fa5df2532de,444,17.5,70.0
623a8ea6fb492fa5df2300d1,634,17.5,70.0
623ab8bbfb492fa5df2a22f0,769,17.5,70.0
623a3b3afb492fa5df0f7885,695,17.5,70.0
623abc17fb492fa5df2aa99d,519,17.5,70.0
623aa09afb492fa5df262d0e,914,17.5,70.0
623a75eefb492fa5df1e3fd2,1316,17.5,70.0
623a62a3fb492fa5df1a19f9,1440,17.5,70.0
623a67b6fb492fa5df1b3bcc,288,17.5,70.0
623a473bfb492fa5df1315ad,1335,17.5,70.0
623ab88bfb492fa5df2a1b70,1408,17.5,70.0
623a5e57fb492fa5df1918bc,178,17.5,70.0
623a9531fb492fa5df242f5c,1450,17.5,70.0
623a84f3fb492fa5df2132bc,1118,17.5,70.0
623ab8d2fb492fa5df2a268e,379,17.5,70.0
623a4e27fb492fa5df14feb0,1420,17.5,70.0
623aa0bcfb492fa5df263319,1020,17.5,70.0
623ad09bfb492fa5df2dc9d4,264,17.5,70.0
623a8ea6fb492fa5df2300d1,1247,17.5,70.0
623a74effb492fa5df1e0bc8,1429,17.5,70.0
623a7b9efb492fa5df1f6373,444,17.5,70.0
623ab88bfb492fa5df2a1b70,1226,17.5,70.0
623a97dcfb492fa5df24a781,362,17.5,70.0
623ad444fb492fa5df2e54b2,1328,17.5,70.0
623a8ec2fb492fa5df230611,598,21.0,70.0
623ab8d2fb492fa5df2a268e,519,21.0,70.0
623acb7cfb492fa5df2d04f4,1283,20.75,69.17
623aa09cfb492fa5df262d86,1599,20.75,69.17
623a3c92fb492fa5df0fe640,470,17.25,69.0
623a9531fb492fa5df242f5c,1014,17.25,69.0
623aa09afb492fa5df262d0e,160,13.75,68.75
623ac604fb492fa5df2c30de,539,13.75,68.75
623a71c6fb492fa5df1d65bb,182,13.75,68.75
623a71c6fb492fa5df1d65bb,129,13.75,68.75
623a9930fb492fa5df24e40b,212,13.75,68.75
623a61f6fb492fa5df19f207,966,13.75,68.75
623ad1befb492fa5df2df54d,284,13.75,68.75
623ac604fb492fa5df2c30de,503,13.75,68.75
623ab8d2fb492fa5df2a268e,199,13.75,68.75
623a7c7efb492fa5df1f8f7c,282,13.75,68.75
623ab928fb492fa5df2a340e,272,13.75,68.75
623a7efffb492fa5df200d0b,603,13.75,68.75
623ab51afb492fa5df298ed5,594,13.75,68.75
623a9be9fb492fa5df255d46,603,13.75,68.75
623abe8bfb492fa5df2b0c09,981,13.75,68.75
623a360cfb492fa5df0dc049,493,13.75,68.75
623aac8dfb492fa5df282c3d,143,13.75,68.75
623ab9cffb492fa5df2a4e08,510,13.75,68.75
623ab872fb492fa5df2a1778,1201,13.75,68.75
623a7327fb492fa5df1dae44,284,13.75,68.75
623ab72dfb492fa5df29e41b,570,13.75,68.75
623aa465fb492fa5df26d16f,371,13.75,68.75
623a84f3fb492fa5df2132bc,491,13.75,68.75
623a5fc0fb492fa5df196e94,900,10.25,68.33
623acf03fb492fa5df2d8ca8,871,10.25,68.33
623a3c91fb492fa5df0fe5fc,345,10.25,68.33
623a7246fb492fa5df1d806e,370,10.25,68.33
623a5fc0fb492fa5df196e94,742,20.5,68.33
623a710ffb492fa5df1d401d,452,20.25,67.5
623a9531fb492fa5df242f5c,1071,20.25,67.5
623a6f07fb492fa5df1cd1cb,1801,20.25,67.5
623a9324fb492fa5df23d212,637,16.75,67.0
623ac5abfb492fa5df2c2367,826,16.75,67.0
623a6d59fb492fa5df1c764b,846,16.75,67.0
623aae0cfb492fa5df286b6f,1500,16.75,67.0
623a35c5fb492fa5df0da820,514,10.0,66.67
623a51f3fb492fa5df160079,687,10.0,66.67
623a84f3fb492fa5df2132bc,496,10.0,66.67
623aa09cfb492fa5df262d86,697,10.0,66.67
623a52b1fb492fa5df1631fe,901,10.0,66.67
623a5280fb492fa5df1624f7,859,10.0,66.67
623ab88bfb492fa5df2a1b70,514,10.0,66.67
623ab8abfb492fa5df2a2075,242,10.0,66.67
623aa09afb492fa5df262d0e,451,10.0,66.67
623a941afb492fa5df23fdf8,766,10.0,66.67
623a3486fb492fa5df0d370d,630,10.0,66.67
623a9c83fb492fa5df2577ed,372,10.0,66.67
623a6ae8fb492fa5df1beee1,242,10.0,66.67
623a4e27fb492fa5df14feb0,595,10.0,66.67
623abbadfb492fa5df2a98e7,339,10.0,66.67
623a6d59fb492fa5df1c764b,972,20.0,66.67
623a4d1afb492fa5df14b55d,1239,20.0,66.67
623ab3e3fb492fa5df295ca1,382,20.0,66.67
623ad09bfb492fa5df2dc9d4,603,20.0,66.67
623ad09bfb492fa5df2dc9d4,668,20.0,66.67
623a7666fb492fa5df1e5873,485,20.0,66.67
623acd24fb492fa5df2d4517,243,20.0,66.67
623ab928fb492fa5df2a340e,989,20.0,66.67
623a8286fb492fa5df20bc1d,480,20.0,66.67
623a3b3afb492fa5df0f7885,871,20.0,66.67
623aa1a5fb492fa5df265a96,656,20.0,66.67
623a4c11fb492fa5df146d79,914,20.0,66.67
623aa09afb492fa5df262d0e,824,20.0,66.67
623a574ffb492fa5df175f7d,863,20.0,66.67
623abd09fb492fa5df2acf82,962,20.0,66.67
623a9fc8fb492fa5df260923,510,20.0,66.67
623aca29fb492fa5df2cd1ff,1434,20.0,66.67
623a4daffb492fa5df14de4a,509,20.0,66.67
623aa0bcfb492fa5df263319,1148,20.0,66.67
623ab2d8fb492fa5df2931b1,985,20.0,66.67
623a614afb492fa5df19ca21,1694,20.0,66.67
623a7861fb492fa5df1ebe12,1795,20.0,66.67
623a7eeafb492fa5df2008db,487,20.0,66.67
623abbadfb492fa5df2a98e7,405,20.0,66.67
623a58e1fb492fa5df17c4a8,1776,20.0,66.67
623ac942fb492fa5df2caf3e,795,20.0,66.67
623a748efb492fa5df1df7df,1063,20.0,66.67
623a9d5efb492fa5df259e0e,1341,20.0,66.67
623a7670fb492fa5df1e5a75,1611,20.0,66.67
623abe8bfb492fa5df2b0c09,1084,20.0,66.67
623a42b2fb492fa5df11c4b7,1200,13.25,66.25
623a846afb492fa5df2118a2,235,13.25,66.25
623a5759fb492fa5df1761dc,1201,13.25,66.25
623a6ae8fb492fa5df1beee1,183,16.5,66.0
623a9117fb492fa5df237351,1402,16.5,66.0
623a5fc0fb492fa5df196e94,687,19.75,65.83
623a9af1fb492fa5df2532de,757,19.75,65.83
623aa212fb492fa5df266d33,878,19.75,65.83
623a4337fb492fa5df11ec48,1296,19.75,65.83
623ad512fb492fa5df2e727e,535,13.0,65.0
623a6d59fb492fa5df1c764b,725,19.5,65.0
623acf3cfb492fa5df2d950c,305,16.25,65.0
623ab411fb492fa5df2963fe,388,16.25,65.0
623ab88bfb492fa5df2a1b70,555,16.25,65.0
623a608cfb492fa5df199dfd,306,16.25,65.0
623aa09afb492fa5df262d0e,453,16.25,65.0
623acb7cfb492fa5df2d04f4,810,16.25,65.0
623a98cffb492fa5df24d300,517,16.25,65.0
623a61f6fb492fa5df19f207,1500,16.25,65.0
623a8ec2fb492fa5df230611,454,16.25,65.0
623a4e50fb492fa5df1509dc,414,16.25,65.0
623a3c91fb492fa5df0fe5fc,760,16.25,65.0
623a925efb492fa5df23ae5a,1486,16.25,65.0
623abb50fb492fa5df2a8a8c,1487,16.25,65.0
623a318cfb492fa5df0c2456,1500,16.25,65.0
623a925efb492fa5df23ae5a,1050,16.25,65.0
623ab2ccfb492fa5df292fb3,1503,16.25,65.0
623ab928fb492fa5df2a340e,639,16.25,65.0
623ab8eefb492fa5df2a2ac2,471,16.25,65.0
623abc75fb492fa5df2ab84a,1258,16.25,65.0
623a710ffb492fa5df1d401d,390,16.25,65.0
623a997ffb492fa5df24f25c,1244,16.25,65.0
623ac604fb492fa5df2c30de,748,16.25,65.0
623ab1ddfb492fa5df2908d3,574,16.25,65.0
623a4c11fb492fa5df146d79,1213,16.25,65.0
623a4a30fb492fa5df13e85e,635,16.25,65.0
623ac061fb492fa5df2b5443,451,16.25,65.0
623aae3efb492fa5df28735a,133,16.25,65.0
623ac953fb492fa5df2cb1d9,686,16.25,65.0
623a54f8fb492fa5df16c814,410,16.25,65.0
623a318cfb492fa5df0c2456,1312,16.25,65.0
623ad372fb492fa5df2e361d,1290,16.25,65.0
623a8675fb492fa5df217c5b,1786,19.5,65.0
623a3243fb492fa5df0c6751,671,19.5,65.0
623a8675fb492fa5df217c5b,1801,19.25,64.17
623a3979fb492fa5df0ee826,1247,19.25,64.17
623a5fc0fb492fa5df196e94,715,19.25,64.17
623a360cfb492fa5df0dc049,811,19.25,64.17
623ab813fb492fa5df2a0867,606,12.75,63.75
623a4d1afb492fa5df14b55d,680,9.5,63.33
623aae0cfb492fa5df286b6f,1720,19.0,63.33
623aa09cfb492fa5df262d86,922,19.0,63.33
623a8a9bfb492fa5df224394,904,19.0,63.33
623a84f3fb492fa5df2132bc,1462,19.0,63.33
623acf03fb492fa5df2d8ca8,856,15.75,63.0
623a9324fb492fa5df23d212,538,15.75,63.0
623a9531fb492fa5df242f5c,821,15.75,63.0
623ab752fb492fa5df29ea1b,1268,15.75,63.0
623ad09bfb492fa5df2dc9d4,111,12.5,62.5
623ad09bfb492fa5df2dc9d4,114,12.5,62.5
623a4daffb492fa5df14de4a,309,12.5,62.5
623acd24fb492fa5df2d4517,93,12.5,62.5
623a3724fb492fa5df0e2163,1176,12.5,62.5
623aa09afb492fa5df262d0e,182,12.5,62.5
623acd6dfb492fa5df2d501f,1196,12.5,62.5
623ace10fb492fa5df2d6837,648,12.5,62.5
623a4076fb492fa5df111aae,768,12.5,62.5
623abc17fb492fa5df2aa99d,1201,12.5,62.5
623a7670fb492fa5df1e5a75,642,12.5,62.5
623a9e9bfb492fa5df25d524,318,12.5,62.5
623aba31fb492fa5df2a5d79,210,12.5,62.5
623a3a98fb492fa5df0f44cf,184,12.5,62.5
623a72a2fb492fa5df1d9324,273,12.5,62.5
623a9930fb492fa5df24e40b,220,12.5,62.5
623ab03bfb492fa5df28c569,606,12.5,62.5
623a6aa0fb492fa5df1bdfa9,379,12.5,62.5
623aa09afb492fa5df262d0e,154,12.5,62.5
623aa83ffb492fa5df2775ed,1080,12.5,62.5
623ab95cfb492fa5df2a3c2a,483,18.75,62.5
623aa54ffb492fa5df26f883,473,18.75,62.5
623ab3e3fb492fa5df295ca1,515,18.75,62.5
623a9531fb492fa5df242f5c,337,18.75,62.5
623ab3e3fb492fa5df295ca1,617,18.75,62.5
623a5fb3fb492fa5df196b63,799,18.75,62.5
623ab8eefb492fa5df2a2ac2,548,18.75,62.5
623ac061fb492fa5df2b5443,1626,18.75,62.5
623ad5effb492fa5df2e92ab,1358,18.75,62.5
623a8ea6fb492fa5df2300d1,1044,18.75,62.5
623a46d7fb492fa5df12fa61,1318,18.75,62.5
623a7eeafb492fa5df2008db,679,18.75,62.5
623a6a64fb492fa5df1bd2c2,870,18.75,62.5
623aa212fb492fa5df266d33,927,18.75,62.5
623a52b1fb492fa5df1631fe,1594,18.75,62.5
623a8ea6fb492fa5df2300d1,1263,18.75,62.5
623a318cfb492fa5df0c2456,1787,18.75,62.5
623a4a30fb492fa5df13e85e,1402,18.75,62.5
623ab95cfb492fa5df2a3c2a,1044,18.75,62.5
623acb7cfb492fa5df2d04f4,895,18.75,62.5
623a7c7efb492fa5df1f8f7c,922,18.75,62.5
623a748efb492fa5df1df7df,1217,18.75,62.5
623abacbfb492fa5df2a75a8,789,18.75,62.5
623ab8bbfb492fa5df2a22f0,779,18.75,62.5
623abc75fb492fa5df2ab84a,635,18.75,62.5
623a4c37fb492fa5df1477c3,778,18.75,62.5
623ac582fb492fa5df2c1d17,1666,18.75,62.5
623ab8eefb492fa5df2a2ac2,314,18.75,62.5
623aa4ddfb492fa5df26e546,1800,18.75,62.5
623ab3e3fb492fa5df295ca1,264,18.75,62.5
623a4a30fb492fa5df13e85e,1234,18.75,62.5
623a7c7efb492fa5df1f8f7c,1571,18.75,62.5
623a51f3fb492fa5df160079,1583,18.75,62.5
623a318cfb492fa5df0c2456,1722,18.75,62.5
623ac604fb492fa5df2c30de,791,18.75,62.5
623a8ea6fb492fa5df2300d1,1291,18.75,62.5
623aa1a5fb492fa5df265a96,304,18.75,62.5
623a3979fb492fa5df0ee826,1146,15.5,62.0
623a9531fb492fa5df242f5c,755,9.25,61.67
623a4d1afb492fa5df14b55d,1799,18.5,61.67
623a9324fb492fa5df23d212,391,18.5,61.67
623ab493fb492fa5df2978dc,1800,18.5,61.67
623a9117fb492fa5df237351,1499,15.25,61.0
623ad09bfb492fa5df2dc9d4,503,15.25,61.0
623ab9f2fb492fa5df2a539f,620,15.25,61.0
623ab8abfb492fa5df2a2075,572,18.25,60.83
623ad512fb492fa5df2e727e,1059,18.25,60.83
623a9324fb492fa5df23d212,1341,18.25,60.83
623a4e07fb492fa5df14f604,150,9.0,60.0
623a4e76fb492fa5df1513f2,166,9.0,60.0
623a4daffb492fa5df14de4a,139,15.0,60.0
623a5fc0fb492fa5df196e94,376,15.0,60.0
623a7c7efb492fa5df1f8f7c,694,12.0,60.0
623acf03fb492fa5df2d8ca8,871,15.0,60.0
623a9324fb492fa5df23d212,1500,15.0,60.0
623a941afb492fa5df23fdf8,1397,15.0,60.0
623ac5abfb492fa5df2c2367,1420,15.0,60.0
623a89dffb492fa5df222059,838,15.0,60.0
623ad444fb492fa5df2e54b2,1038,15.0,60.0
623a997ffb492fa5df24f25c,379,15.0,60.0
623a748efb492fa5df1df7df,856,15.0,60.0
623aa83ffb492fa5df2775ed,590,15.0,60.0
623a4337fb492fa5df11ec48,607,15.0,60.0
623a74effb492fa5df1e0bc8,546,15.0,60.0
623ab2d8fb492fa5df2931b1,339,15.0,60.0
623a614afb492fa5df19ca21,1378,15.0,60.0
623acc94fb492fa5df2d2fb1,516,15.0,60.0
623acf3cfb492fa5df2d950c,365,15.0,60.0
623aa797fb492fa5df2759dd,711,15.0,60.0
623a941afb492fa5df23fdf8,820,15.0,60.0
623a74effb492fa5df1e0bc8,1139,15.0,60.0
623aae0cfb492fa5df286b6f,316,15.0,60.0
623acd24fb492fa5df2d4517,160,15.0,60.0
623a5fb3fb492fa5df196b63,693,15.0,60.0
623aa068fb492fa5df26247d,373,15.0,60.0
623a67b6fb492fa5df1b3bcc,231,15.0,60.0
623aa0bcfb492fa5df263319,707,15.0,60.0
623a52b1fb492fa5df1631fe,1330,15.0,60.0
623ad09bfb492fa5df2dc9d4,908,18.0,60.0
623a6d59fb492fa5df1c764b,694,18.0,60.0
623a98cffb492fa5df24d300,1463,18.0,60.0
623a4daffb492fa5df14de4a,306,17.75,59.17
623a925efb492fa5df23ae5a,813,17.75,59.17
623a4e27fb492fa5df14feb0,1800,17.75,59.17
623a9531fb492fa5df242f5c,752,17.75,59.17
623acba8fb492fa5df2d0ba7,776,8.75,58.33
623a7666fb492fa5df1e5873,143,8.75,58.33
623a4a30fb492fa5df13e85e,533,8.75,58.33
623ac77bfb492fa5df2c6a13,546,8.75,58.33
623ab96afb492fa5df2a3e48,613,8.75,58.33
623a574ffb492fa5df175f7d,536,8.75,58.33
623ad5a9fb492fa5df2e88aa,618,8.75,58.33
623ac953fb492fa5df2cb1d9,450,8.75,58.33
623a98cffb492fa5df24d300,396,8.75,58.33
623a74effb492fa5df1e0bc8,880,8.75,58.33
623a75eefb492fa5df1e3fd2,580,8.75,58.33
623aca29fb492fa5df2cd1ff,799,8.75,58.33
623a58e1fb492fa5df17c4a8,660,8.75,58.33
623ab34ffb492fa5df2944b6,107,8.75,58.33
623ab8abfb492fa5df2a2075,213,8.75,58.33
623ab51afb492fa5df298ed5,396,8.75,58.33
623aa336fb492fa5df269e65,406,8.75,58.33
623ad09bfb492fa5df2dc9d4,1602,17.5,58.33
623ab3e3fb492fa5df295ca1,511,17.5,58.33
623aa09afb492fa5df262d0e,1048,17.5,58.33
623a3a1efb492fa5df0f1d9e,1695,17.5,58.33
623a5825fb492fa5df17957d,1664,17.5,58.33
623ab03bfb492fa5df28c569,822,17.5,58.33
623ac3a3fb492fa5df2bd3fc,1141,17.5,58.33
623a3a1efb492fa5df0f1d9e,1667,17.5,58.33
623ab88bfb492fa5df2a1b70,1177,17.5,58.33
623a9be9fb492fa5df255d46,721,17.5,58.33
623a4a30fb492fa5df13e85e,821,17.5,58.33
623a51f3fb492fa5df160079,1717,17.5,58.33
623ac953fb492fa5df2cb1d9,559,17.5,58.33
623a3c81fb492fa5df0fe0dd,784,17.5,58.33
623a8278fb492fa5df20b953,1597,17.5,58.33
623ab88bfb492fa5df2a1b70,1564,17.5,58.33
623a9cdcfb492fa5df258784,1126,17.5,58.33
623a3c81fb492fa5df0fe0dd,1092,17.5,58.33
623a997ffb492fa5df24f25c,1011,17.5,58.33
623ab3e3fb492fa5df295ca1,396,17.5,58.33
623ab8eefb492fa5df2a2ac2,560,17.5,58.33
623ab928fb492fa5df2a340e,486,17.5,58.33
623ab8abfb492fa5df2a2075,653,17.5,58.33
623abd09fb492fa5df2acf82,674,17.5,58.33
623a7666fb492fa5df1e5873,431,17.5,58.33
623aada9fb492fa5df285b20,450,17.5,58.33
623a48d2fb492fa5df138705,748,17.5,58.33
623aa07afb492fa5df262776,1344,14.5,58.0
623a6d59fb492fa5df1c764b,591,14.5,58.0
623ab9f2fb492fa5df2a539f,1442,14.5,58.0
623ad5effb492fa5df2e92ab,535,14.5,58.0
623ab44cfb492fa5df296d6d,240,11.5,57.5
623a710ffb492fa5df1d401d,150,11.5,57.5
623a3c92fb492fa5df0fe640,281,11.5,57.5
623a710ffb492fa5df1d401d,406,17.25,57.5
623a9324fb492fa5df23d212,276,8.5,56.67
623ab177fb492fa5df28f850,510,17.0,56.67
623a4337fb492fa5df11ec48,235,11.25,56.25
623a42b2fb492fa5df11c4b7,417,11.25,56.25
623acd24fb492fa5df2d4517,120,11.25,56.25
623aa09afb492fa5df262d0e,578,11.25,56.25
623abc17fb492fa5df2aa99d,293,11.25,56.25
623ad09bfb492fa5df2dc9d4,870,11.25,56.25
623a4daffb492fa5df14de4a,170,11.25,56.25
623a51f3fb492fa5df160079,518,11.25,56.25
623a7861fb492fa5df1ebe12,906,11.25,56.25
623a71c6fb492fa5df1d65bb,114,11.25,56.25
623a9930fb492fa5df24e40b,329,11.25,56.25
623aa1a5fb492fa5df265a96,173,11.25,56.25
623ab8bbfb492fa5df2a22f0,1116,11.25,56.25
623aa4ddfb492fa5df26e546,181,11.25,56.25
623ac5fffb492fa5df2c300a,311,11.25,56.25
623a63c8fb492fa5df1a5bb2,311,11.25,56.25
623a5ab2fb492fa5df1836b5,406,11.25,56.25
623abc75fb492fa5df2ab84a,287,11.25,56.25
623a4daffb492fa5df14de4a,596,14.0,56.0
623ad09bfb492fa5df2dc9d4,832,14.0,56.0
623a4076fb492fa5df111aae,398,14.0,56.0
623a925efb492fa5df23ae5a,380,14.0,56.0
623a9be9fb492fa5df255d46,739,14.0,56.0
623acf03fb492fa5df2d8ca8,1191,14.0,56.0
623a4e07fb492fa5df14f604,538,14.0,56.0
623ac6fffb492fa5df2c5701,1069,16.75,55.83
623a3979fb492fa5df0ee826,727,8.25,55.0
623a4daffb492fa5df14de4a,166,8.25,55.0
623acf1dfb492fa5df2d9059,691,13.75,55.0
623acdacfb492fa5df2d5960,303,11.0,55.0
623a3243fb492fa5df0c6751,567,16.5,55.0
623ad09bfb492fa5df2dc9d4,1253,13.75,55.0
623aac8dfb492fa5df282c3d,711,13.75,55.0
623a7eeafb492fa5df2008db,370,13.75,55.0
623acdacfb492fa5df2d5960,651,13.75,55.0
623acccdfb492fa5df2d382b,1153,13.75,55.0
623acd8dfb492fa5df2d54bb,558,13.75,55.0
623aa1a5fb492fa5df265a96,530,13.75,55.0
623a3c81fb492fa5df0fe0dd,1083,13.75,55.0
623acba8fb492fa5df2d0ba7,1064,13.75,55.0
623a4e07fb492fa5df14f604,949,13.75,55.0
623a3c91fb492fa5df0fe5fc,956,13.75,55.0
623aa09cfb492fa5df262d86,1500,13.75,55.0
623a9fc8fb492fa5df260923,446,13.75,55.0
623ab8eefb492fa5df2a2ac2,556,13.75,55.0
623a997ffb492fa5df24f25c,130,13.75,55.0
623ab1ddfb492fa5df2908d3,759,13.75,55.0
623a4f0cfb492fa5df153bc4,1510,13.75,55.0
623ab03bfb492fa5df28c569,1154,13.75,55.0
623a84f3fb492fa5df2132bc,550,13.75,55.0
623a4076fb492fa5df111aae,406,13.75,55.0
623a3979fb492fa5df0ee826,1801,16.5,55.0
623ab8e4fb492fa5df2a292f,306,16.25,54.17
623a343ffb492fa5df0d1d44,1803,16.25,54.17
623ad5effb492fa5df2e92ab,639,16.25,54.17
623a4e7cfb492fa5df1515a9,424,16.25,54.17
623ad09bfb492fa5df2dc9d4,531,16.25,54.17
623ab3e3fb492fa5df295ca1,341,16.25,54.17
623a4e7cfb492fa5df1515a9,220,16.25,54.17
623a51f3fb492fa5df160079,1579,16.25,54.17
623acba8fb492fa5df2d0ba7,818,16.25,54.17
623a997ffb492fa5df24f25c,804,16.25,54.17
623aa09afb492fa5df262d0e,830,16.25,54.17
623ab96afb492fa5df2a3e48,1031,16.25,54.17
623a70fafb492fa5df1d3bb2,819,16.25,54.17
623a6f07fb492fa5df1cd1cb,380,16.25,54.17
623aa068fb492fa5df26247d,932,16.25,54.17
623a74effb492fa5df1e0bc8,1105,16.25,54.17
623ad444fb492fa5df2e54b2,1229,16.25,54.17
623a8ea6fb492fa5df2300d1,1202,16.25,54.17
623a4e6cfb492fa5df151173,997,16.25,54.17
623a52b1fb492fa5df1631fe,1088,16.25,54.17
623ab587fb492fa5df29a038,1041,16.25,54.17
623aa4ddfb492fa5df26e546,358,16.25,54.17
623ac061fb492fa5df2b5443,1405,16.25,54.17
623ab51afb492fa5df298ed5,1011,16.25,54.17
623a48d2fb492fa5df138705,1135,16.25,54.17
623a5501fb492fa5df16ca79,1289,16.25,54.17
623a9d5efb492fa5df259e0e,1588,16.25,54.17
623a74effb492fa5df1e0bc8,1101,16.25,54.17
623a4076fb492fa5df111aae,1126,16.25,54.17
623a3f1bfb492fa5df10b0de,776,16.25,54.17
623acdacfb492fa5df2d5960,361,16.25,54.17
623aba2cfb492fa5df2a5c9f,775,16.25,54.17
623a360cfb492fa5df0dc049,1458,16.25,54.17
623a574ffb492fa5df175f7d,779,16.25,54.17
623a5759fb492fa5df1761dc,1799,16.25,54.17
623ab587fb492fa5df29a038,1417,16.25,54.17
623ab752fb492fa5df29ea1b,696,13.5,54.0
623ab752fb492fa5df29ea1b,660,8.0,53.33
623aa212fb492fa5df266d33,140,8.0,53.33
623ad09bfb492fa5df2dc9d4,615,13.25,53.0
623ab95cfb492fa5df2a3c2a,237,10.5,52.5
623a6164fb492fa5df19d01a,451,10.5,52.5
623ab752fb492fa5df29ea1b,919,15.75,52.5
623acf3cfb492fa5df2d950c,283,15.75,52.5
623a4e50fb492fa5df1509dc,1204,13.0,52.0
623acf03fb492fa5df2d8ca8,974,15.5,51.67
623aa09cfb492fa5df262d86,584,15.5,51.67
623a3243fb492fa5df0c6751,641,15.5,51.67
623a3243fb492fa5df0c6751,707,12.75,51.0
623a4e27fb492fa5df14feb0,1501,12.75,51.0
623ad512fb492fa5df2e727e,872,15.25,50.83
623a4e07fb492fa5df14f604,807,15.25,50.83
623a6164fb492fa5df19d01a,950,15.25,50.83
623a3724fb492fa5df0e2163,746,7.5,50.0
623ab8d2fb492fa5df2a268e,756,7.5,50.0
623ab1ddfb492fa5df2908d3,715,7.5,50.0
623ab2d8fb492fa5df2931b1,347,7.5,50.0
623a3243fb492fa5df0c6751,254,10.0,50.0
623a454efb492fa5df1288bb,628,12.5,50.0
623a4aadfb492fa5df140b79,300,10.0,50.0
623a8675fb492fa5df217c5b,1051,10.0,50.0
623abc84fb492fa5df2aba9b,251,10.0,50.0
623aa02ffb492fa5df261aa5,269,10.0,50.0
623acd24fb492fa5df2d4517,305,10.0,50.0
623a35c5fb492fa5df0da820,979,10.0,50.0
623a9db6fb492fa5df25ad86,323,10.0,50.0
623a48fcfb492fa5df1392d7,435,10.0,50.0
623a5100fb492fa5df15c10a,1200,10.0,50.0
623acf7dfb492fa5df2d9ee7,224,10.0,50.0
623a9d5efb492fa5df259e0e,1109,10.0,50.0
623ad1befb492fa5df2df54d,381,10.0,50.0
623ac942fb492fa5df2caf3e,313,10.0,50.0
623aa026fb492fa5df26193f,303,10.0,50.0
623ab95cfb492fa5df2a3c2a,332,12.5,50.0
623ab8abfb492fa5df2a2075,295,12.5,50.0
623a84f3fb492fa5df2132bc,923,12.5,50.0
623aae3efb492fa5df28735a,364,12.5,50.0
623aa5ecfb492fa5df2712e4,646,12.5,50.0
623a4a30fb492fa5df13e85e,833,12.5,50.0
623a574ffb492fa5df175f7d,1133,12.5,50.0
623ab1ddfb492fa5df2908d3,802,12.5,50.0
623a58e1fb492fa5df17c4a8,1384,12.5,50.0
623a3b3afb492fa5df0f7885,1254,12.5,50.0
623a70fafb492fa5df1d3bb2,1096,12.5,50.0
623ab96afb492fa5df2a3e48,1194,12.5,50.0
623a7eeafb492fa5df2008db,605,12.5,50.0
623a360cfb492fa5df0dc049,564,12.5,50.0
623a4f0cfb492fa5df153bc4,1510,12.5,50.0
623a70fafb492fa5df1d3bb2,623,12.5,50.0
623acf3cfb492fa5df2d950c,302,12.5,50.0
623aa5e9fb492fa5df271253,587,12.5,50.0
623a6229fb492fa5df19fdde,1027,12.5,50.0
623a925efb492fa5df23ae5a,822,12.5,50.0
623aada9fb492fa5df285b20,334,12.5,50.0
623aa465fb492fa5df26d16f,737,15.0,50.0
623a4e7cfb492fa5df1515a9,316,15.0,50.0
623a7b9efb492fa5df1f6373,449,15.0,50.0
623a5280fb492fa5df1624f7,1387,15.0,50.0
623aa191fb492fa5df265769,559,15.0,50.0
623acd24fb492fa5df2d4517,477,15.0,50.0
623a4e07fb492fa5df14f604,461,15.0,50.0
623aa0a9fb492fa5df262f9f,227,15.0,50.0
623aa068fb492fa5df26247d,733,15.0,50.0
623ab44efb492fa5df296daf,1673,15.0,50.0
623abbadfb492fa5df2a98e7,249,15.0,50.0
623a5280fb492fa5df1624f7,516,15.0,50.0
623ab24bfb492fa5df291ac4,1262,15.0,50.0
623a7b9efb492fa5df1f6373,526,15.0,50.0
623a9be9fb492fa5df255d46,1221,15.0,50.0
623a4c11fb492fa5df146d79,1274,15.0,50.0
623a5fddfb492fa5df197558,446,15.0,50.0
623acb7cfb492fa5df2d04f4,1211,15.0,50.0
623a42b2fb492fa5df11c4b7,522,15.0,50.0
623a89dffb492fa5df222059,1554,15.0,50.0
623a4daffb492fa5df14de4a,403,15.0,50.0
623acbf7fb492fa5df2d17a1,1378,15.0,50.0
623a62affb492fa5df1a1ce2,781,15.0,50.0
623ac4fbfb492fa5df2c088a,846,15.0,50.0
623acf1dfb492fa5df2d9059,569,15.0,50.0
623a4e76fb492fa5df1513f2,543,14.75,49.17
623a3313fb492fa5df0cb1a2,415,14.75,49.17
623a5fc0fb492fa5df196e94,154,9.75,48.75
623a5e1efb492fa5df190b33,254,7.25,48.33
623a9531fb492fa5df242f5c,893,14.5,48.33
623a4e76fb492fa5df1513f2,646,14.5,48.33
623a48fcfb492fa5df1392d7,561,12.0,48.0
623acb7cfb492fa5df2d04f4,722,12.0,48.0
623a41cffb492fa5df1181bd,174,9.5,47.5
623a4e76fb492fa5df1513f2,644,14.25,47.5
623ab95cfb492fa5df2a3c2a,795,14.25,47.5
623a9324fb492fa5df23d212,734,14.25,47.5
623aa212fb492fa5df266d33,950,14.25,47.5
623acba8fb492fa5df2d0ba7,1110,14.0,46.67
623a7327fb492fa5df1dae44,833,14.0,46.67
623a9b10fb492fa5df25382d,691,9.25,46.25
623a3b3afb492fa5df0f7885,159,9.25,46.25
623a343ffb492fa5df0d1d44,667,11.5,46.0
623a4daffb492fa5df14de4a,489,11.5,46.0
623a9324fb492fa5df23d212,761,11.5,46.0
623a338ffb492fa5df0cde2b,1510,11.5,46.0
623a5825fb492fa5df17957d,1458,11.5,46.0
623a48fcfb492fa5df1392d7,643,11.5,46.0
623a454efb492fa5df1288bb,842,11.5,46.0
623acf03fb492fa5df2d8ca8,1692,13.75,45.83
623a941afb492fa5df23fdf8,1205,13.75,45.83
623acf7dfb492fa5df2d9ee7,366,13.75,45.83
623acd24fb492fa5df2d4517,357,13.75,45.83
623a4e7cfb492fa5df1515a9,317,13.75,45.83
623a41cffb492fa5df1181bd,1491,13.75,45.83
623aa0bcfb492fa5df263319,1175,13.75,45.83
623a3486fb492fa5df0d370d,1765,13.75,45.83
623a84f3fb492fa5df2132bc,783,13.75,45.83
623aada0fb492fa5df285999,1076,13.75,45.83
623ab8bbfb492fa5df2a22f0,920,13.75,45.83
623aa068fb492fa5df26247d,570,13.75,45.83
623aa09afb492fa5df262d0e,898,13.75,45.83
623ab59afb492fa5df29a357,435,13.75,45.83
623acf3cfb492fa5df2d950c,286,13.75,45.83
623a7b9efb492fa5df1f6373,1053,13.75,45.83
623ad5a9fb492fa5df2e88aa,783,13.75,45.83
623a6aa0fb492fa5df1bdfa9,482,13.75,45.83
623a97dcfb492fa5df24a781,599,13.75,45.83
623aa928fb492fa5df279cb4,625,13.75,45.83
623aa068fb492fa5df26247d,518,13.75,45.83
623abccdfb492fa5df2ac61d,443,13.75,45.83
623a4daffb492fa5df14de4a,286,11.25,45.0
623a61f6fb492fa5df19f207,1349,13.5,45.0
623a318cfb492fa5df0c2456,1500,11.25,45.0
623a5501fb492fa5df16ca79,1057,11.25,45.0
623a3486fb492fa5df0d370d,420,11.25,45.0
623aa7c1fb492fa5df2760bd,664,11.25,45.0
623aa026fb492fa5df26193f,388,11.25,45.0
623a71c6fb492fa5df1d65bb,349,11.25,45.0
623ab813fb492fa5df2a0867,835,11.25,45.0
623ace10fb492fa5df2d6837,901,11.25,45.0
623ab3e3fb492fa5df295ca1,394,11.25,45.0
623a8286fb492fa5df20bc1d,327,11.25,45.0
623a6f07fb492fa5df1cd1cb,578,11.25,45.0
623a3486fb492fa5df0d370d,502,11.25,45.0
623a3c81fb492fa5df0fe0dd,774,11.25,45.0
623a71d0fb492fa5df1d67dc,344,11.25,45.0
623a58e1fb492fa5df17c4a8,1247,11.25,45.0
623aa83ffb492fa5df2775ed,984,13.25,44.17
623aa07afb492fa5df262776,781,13.25,44.17
623a7a6afb492fa5df1f25e9,1685,13.25,44.17
623acf7dfb492fa5df2d9ee7,221,11.0,44.0
623a3979fb492fa5df0ee826,952,11.0,44.0
623aa09cfb492fa5df262d86,161,8.75,43.75
623a4daffb492fa5df14de4a,213,8.75,43.75
623a48d2fb492fa5df138705,125,8.75,43.75
623a4e6cfb492fa5df151173,219,8.75,43.75
623aa928fb492fa5df279cb4,391,8.75,43.75
623a454efb492fa5df1288bb,1184,8.75,43.75
623a5825fb492fa5df17957d,1177,8.75,43.75
623a5b71fb492fa5df18650d,777,8.75,43.75
623ac6fffb492fa5df2c5701,309,8.75,43.75
623a7a6afb492fa5df1f25e9,341,8.75,43.75
623a4e07fb492fa5df14f604,179,8.75,43.75
623a5280fb492fa5df1624f7,555,8.75,43.75
623a5273fb492fa5df16218e,500,8.75,43.75
623ad5a9fb492fa5df2e88aa,519,8.75,43.75
623a58e1fb492fa5df17c4a8,1039,8.75,43.75
623ac604fb492fa5df2c30de,363,8.75,43.75
623ab8abfb492fa5df2a2075,242,8.75,43.75
623acd24fb492fa5df2d4517,212,8.75,43.75
623aa212fb492fa5df266d33,199,8.75,43.75
623abccdfb492fa5df2ac61d,258,8.75,43.75
623a4e6cfb492fa5df151173,465,8.75,43.75
623a5501fb492fa5df16ca79,771,8.75,43.75
623acdbffb492fa5df2d5c51,1200,8.75,43.75
623a61f6fb492fa5df19f207,244,8.75,43.75
623a4daffb492fa5df14de4a,242,13.0,43.33
623a9930fb492fa5df24e40b,427,13.0,43.33
623a3fc4fb492fa5df10e509,1142,10.75,43.0
623a62a3fb492fa5df1a19f9,1500,10.75,43.0
623a4e17fb492fa5df14fa5b,309,10.75,43.0
623a3243fb492fa5df0c6751,723,10.75,43.0
623ad5effb492fa5df2e929c,191,8.5,42.5
623a454efb492fa5df1288bb,1433,12.75,42.5
623ad09bfb492fa5df2dc9d4,1074,12.75,42.5
623a3f1bfb492fa5df10b0de,379,12.75,42.5
623acf7dfb492fa5df2d9ee7,301,10.5,42.0
623ab95afb492fa5df2a3be6,439,10.5,42.0
623ab2e5fb492fa5df2933cc,501,10.5,42.0
623a3a1efb492fa5df0f1d9e,618,6.25,41.67
623abd09fb492fa5df2acf82,351,6.25,41.67
623a7b9efb492fa5df1f6373,142,6.25,41.67
623a4e27fb492fa5df14feb0,659,6.25,41.67
623a4f38fb492fa5df1547ad,149,6.25,41.67
623a46d7fb492fa5df12fa61,207,6.25,41.67
623a9945fb492fa5df24e7e6,482,6.25,41.67
623aa0ecfb492fa5df263b2b,378,6.25,41.67
623ab34ffb492fa5df2944b6,893,6.25,41.67
623a52bafb492fa5df163464,206,6.25,41.67
623a6d59fb492fa5df1c764b,218,6.25,41.67
623a46d7fb492fa5df12fa61,147,6.25,41.67
623aa5e9fb492fa5df271253,462,6.25,41.67
623ab8d2fb492fa5df2a268e,119,6.25,41.67
623aac4ffb492fa5df2821e1,374,6.25,41.67
623a62b1fb492fa5df1a1d37,831,12.5,41.67
623a74effb492fa5df1e0bc8,1234,12.5,41.67
623a7666fb492fa5df1e5873,634,12.5,41.67
623abccdfb492fa5df2ac61d,194,12.5,41.67
623ad444fb492fa5df2e54b2,562,12.5,41.67
623a4a30fb492fa5df13e85e,735,12.5,41.67
623ab1ddfb492fa5df2908d3,941,12.5,41.67
623a997ffb492fa5df24f25c,408,12.5,41.67
623a70fafb492fa5df1d3bb2,1174,12.5,41.67
623ad5a9fb492fa5df2e88aa,558,12.5,41.67
623aada9fb492fa5df285b20,1143,12.5,41.67
623a41cffb492fa5df1181bd,629,12.5,41.67
623aa0ecfb492fa5df263b2b,1655,12.5,41.67
623a5100fb492fa5df15c10a,506,12.5,41.67
623a70fafb492fa5df1d3bb2,545,12.5,41.67
623ac3a3fb492fa5df2bd3fc,1763,12.5,41.67
623a8c36fb492fa5df228faa,916,12.5,41.67
623a4e76fb492fa5df1513f2,395,8.25,41.25
623ab8c4fb492fa5df2a2457,231,10.25,41.0
623aa465fb492fa5df26d16f,298,10.0,40.0
623aae0cfb492fa5df286b6f,169,12.0,40.0
623a6ae8fb492fa5df1beee1,188,10.0,40.0
623a5e1efb492fa5df190b33,673,12.0,40.0
623ad09bfb492fa5df2dc9d4,1456,10.0,40.0
623a4f38fb492fa5df1547ad,315,10.0,40.0
623a54f8fb492fa5df16c814,396,10.0,40.0
623a6aa0fb492fa5df1bdfa9,379,10.0,40.0
623a48f5fb492fa5df1390e1,634,10.0,40.0
623a3724fb492fa5df0e2163,1383,10.0,40.0
623acd8dfb492fa5df2d54bb,449,10.0,40.0
623a84f3fb492fa5df2132bc,819,10.0,40.0
623ad444fb492fa5df2e54b2,1501,10.0,40.0
623ac694fb492fa5df2c46e3,388,10.0,40.0
623aaa81fb492fa5df27d599,934,10.0,40.0
623a8694fb492fa5df21823e,1107,10.0,40.0
623a52b1fb492fa5df1631fe,458,10.0,40.0
623aa07afb492fa5df262776,843,11.75,39.17
623a48fcfb492fa5df1392d7,958,11.75,39.17
623a41cffb492fa5df1181bd,257,7.75,38.75
623a454efb492fa5df1288bb,1810,11.5,38.33
623acf7dfb492fa5df2d9ee7,442,11.5,38.33
623a42b2fb492fa5df11c4b7,640,11.5,38.33
623a6c3efb492fa5df1c3926,337,11.5,38.33
623a48fcfb492fa5df1392d7,972,11.5,38.33
623a5e1efb492fa5df190b33,506,9.5,38.0
623a6f69fb492fa5df1ce709,193,11.25,37.5
623ad09bfb492fa5df2dc9d4,228,7.5,37.5
623a4e7cfb492fa5df1515a9,191,7.5,37.5
623a4e7cfb492fa5df1515a9,203,7.5,37.5
623a48d2fb492fa5df138705,178,7.5,37.5
623a4e6cfb492fa5df151173,218,7.5,37.5
623a48d2fb492fa5df138705,400,7.5,37.5
623a4e6cfb492fa5df151173,396,7.5,37.5
623ad09bfb492fa5df2dc9d4,289,7.5,37.5
623a71c6fb492fa5df1d65bb,195,7.5,37.5
623abc73fb492fa5df2ab7e3,259,7.5,37.5
623a4f38fb492fa5df1547ad,185,7.5,37.5
623a8ea6fb492fa5df2300d1,669,7.5,37.5
623a44c3fb492fa5df126066,319,7.5,37.5
623ac404fb492fa5df2be2dc,239,7.5,37.5
623acd24fb492fa5df2d4517,299,11.25,37.5
623a58e1fb492fa5df17c4a8,1310,11.25,37.5
623aa068fb492fa5df26247d,587,11.25,37.5
623a71c6fb492fa5df1d65bb,127,11.25,37.5
623a4e6cfb492fa5df151173,861,11.25,37.5
623a7b9efb492fa5df1f6373,208,11.25,37.5
623ab03bfb492fa5df28c569,944,11.25,37.5
623aac8dfb492fa5df282c3d,762,11.25,37.5
623a4e7cfb492fa5df1515a9,175,11.25,37.5
623ad444fb492fa5df2e54b2,1803,11.25,37.5
623a58e1fb492fa5df17c4a8,1626,11.25,37.5
623aae3efb492fa5df28735a,463,11.25,37.5
623a71c6fb492fa5df1d65bb,647,11.25,37.5
623a4c11fb492fa5df146d79,913,11.25,37.5
623ac404fb492fa5df2be2dc,403,11.25,37.5
623a4f38fb492fa5df1547ad,292,11.25,37.5
623a4e7cfb492fa5df1515a9,938,11.25,37.5
623a8c9dfb492fa5df22a281,415,11.25,37.5
623aa0ecfb492fa5df263b2b,1267,11.25,37.5
623aa54ffb492fa5df26f883,1507,9.25,37.0
623a6c3efb492fa5df1c3926,179,9.25,37.0
623a4e07fb492fa5df14f604,370,9.25,37.0
623a4337fb492fa5df11ec48,820,9.25,37.0
623a6ae8fb492fa5df1beee1,418,5.5,36.67
623ac061fb492fa5df2b5443,552,5.5,36.67
623a4daffb492fa5df14de4a,179,11.0,36.67
623acb7cfb492fa5df2d04f4,177,11.0,36.67
623ab8abfb492fa5df2a2075,459,11.0,36.67
623acdacfb492fa5df2d5960,1810,10.75,35.83
623a48fcfb492fa5df1392d7,742,10.75,35.83
623ace64fb492fa5df2d7493,260,7.0,35.0
623a42b2fb492fa5df11c4b7,169,10.5,35.0
623ad5a9fb492fa5df2e88aa,316,5.25,35.0
623a632bfb492fa5df1a38df,1800,10.5,35.0
623a42b2fb492fa5df11c4b7,571,8.75,35.0
623aa09afb492fa5df262d0e,1076,8.75,35.0
623ac775fb492fa5df2c693d,1049,8.75,35.0
623aa5e9fb492fa5df271253,433,8.75,35.0
623ab813fb492fa5df2a0867,315,8.75,35.0
623a4e6cfb492fa5df151173,911,8.75,35.0
623a52b1fb492fa5df1631fe,1159,8.75,35.0
623a4c11fb492fa5df146d79,798,8.75,35.0
623aa068fb492fa5df26247d,557,8.75,35.0
623a8694fb492fa5df21823e,1318,8.75,35.0
623abf33fb492fa5df2b259d,1361,8.75,35.0
623a6aa0fb492fa5df1bdfa9,323,8.75,35.0
623a9930fb492fa5df24e40b,388,8.75,35.0
623ab03bfb492fa5df28c569,505,8.75,35.0
623aa0a9fb492fa5df262f9f,407,8.75,35.0
623a4e6cfb492fa5df151173,489,8.75,35.0
623a71c6fb492fa5df1d65bb,111,8.75,35.0
623a6c3efb492fa5df1c3926,207,8.75,35.0
623a7eeafb492fa5df2008db,823,8.75,35.0
623abf33fb492fa5df2b259d,743,8.75,35.0
623a4e6cfb492fa5df151173,270,8.75,35.0
623a3c92fb492fa5df0fe640,520,10.5,35.0
623a51f3fb492fa5df160079,738,10.25,34.17
623ab411fb492fa5df2963fe,379,10.25,34.17
623a3f1bfb492fa5df10b0de,232,10.25,34.17
623a5fe0fb492fa5df197620,269,6.75,33.75
623a4daffb492fa5df14de4a,211,5.0,33.33
623a6f07fb492fa5df1cd1cb,570,5.0,33.33
623a608cfb492fa5df199dfd,244,5.0,33.33
623a8ea6fb492fa5df2300d1,806,5.0,33.33
623abf33fb492fa5df2b259d,150,5.0,33.33
623aae3efb492fa5df28735a,115,5.0,33.33
623a71c6fb492fa5df1d65bb,57,5.0,33.33
623a5e1efb492fa5df190b33,507,10.0,33.33
623a4337fb492fa5df11ec48,457,10.0,33.33
623a8286fb492fa5df20bc1d,561,10.0,33.33
623ab1ddfb492fa5df2908d3,718,10.0,33.33
623a6f07fb492fa5df1cd1cb,300,10.0,33.33
623a3486fb492fa5df0d370d,1054,10.0,33.33
623aae3efb492fa5df28735a,241,10.0,33.33
623abf33fb492fa5df2b259d,891,10.0,33.33
623abc84fb492fa5df2aba9b,869,10.0,33.33
623a4e7cfb492fa5df1515a9,329,10.0,33.33
623a3a1efb492fa5df0f1d9e,1561,10.0,33.33
623ab1ddfb492fa5df2908d3,1243,10.0,33.33
623a60e4fb492fa5df19b274,792,10.0,33.33
623a4dc9fb492fa5df14e541,1669,10.0,33.33
623a72a2fb492fa5df1d9324,622,10.0,33.33
623ac604fb492fa5df2c30de,494,10.0,33.33
623accbbfb492fa5df2d354c,1358,10.0,33.33
623acba8fb492fa5df2d0ba7,326,10.0,33.33
623aa928fb492fa5df279cb4,219,10.0,33.33
623ac3a3fb492fa5df2bd3fc,1552,10.0,33.33
623ac40ffb492fa5df2be482,894,10.0,33.33
623a7b23fb492fa5df1f4b0c,595,10.0,33.33
623a5273fb492fa5df16218e,734,10.0,33.33
623a35c5fb492fa5df0da820,487,10.0,33.33
623ab8e4fb492fa5df2a292f,103,9.75,32.5
623ab8e4fb492fa5df2a292f,163,9.75,32.5
623acba8fb492fa5df2d0ba7,321,9.75,32.5
623a4f0cfb492fa5df153bc4,1200,6.5,32.5
623a4e50fb492fa5df1509dc,794,9.5,31.67
623aa4acfb492fa5df26dd62,370,6.25,31.25
623ac604fb492fa5df2c30de,568,6.25,31.25
623a41cffb492fa5df1181bd,263,6.25,31.25
623a7a14fb492fa5df1f148e,226,6.25,31.25
623a4e7cfb492fa5df1515a9,154,6.25,31.25
623aa212fb492fa5df266d33,501,6.25,31.25
623a54f8fb492fa5df16c814,217,6.25,31.25
623ad372fb492fa5df2e361d,388,6.25,31.25
623a3f1bfb492fa5df10b0de,281,6.25,31.25
623acbf7fb492fa5df2d17a1,525,6.25,31.25
623a80cbfb492fa5df20664d,219,6.25,31.25
623aba2cfb492fa5df2a5c9f,169,6.25,31.25
623a343ffb492fa5df0d1d44,812,6.25,31.25
623aae3efb492fa5df28735a,317,6.25,31.25
623a7b9efb492fa5df1f6373,262,6.25,31.25
623a3313fb492fa5df0cb1a2,173,7.75,31.0
623ab95afb492fa5df2a3be6,815,9.25,30.83
623abf38fb492fa5df2b2664,138,9.25,30.83
623acdacfb492fa5df2d5960,495,9.25,30.83
623a5fc0fb492fa5df196e94,416,7.5,30.0
623acd8dfb492fa5df2d54bb,132,9.0,30.0
623a4337fb492fa5df11ec48,110,7.5,30.0
623aba31fb492fa5df2a5d79,54,7.5,30.0
623a7a6afb492fa5df1f25e9,689,7.5,30.0
623a9db6fb492fa5df25ad86,443,7.5,30.0
623aa0a9fb492fa5df262f9f,38,7.5,30.0
623ac40ffb492fa5df2be482,826,7.5,30.0
623a9930fb492fa5df24e40b,683,7.5,30.0
623a3f1bfb492fa5df10b0de,746,7.5,30.0
623a4a56fb492fa5df13f319,1135,7.5,30.0
623a3a1efb492fa5df0f1d9e,1145,7.5,30.0
623aae3efb492fa5df28735a,207,7.5,30.0
623a70fafb492fa5df1d3bb2,942,7.5,30.0
623a6c3efb492fa5df1c3926,213,9.0,30.0
623ac6fffb492fa5df2c5701,1800,8.75,29.17
623a4e7cfb492fa5df1515a9,319,8.75,29.17
623a4fb2fb492fa5df156846,211,8.75,29.17
623a4e7cfb492fa5df1515a9,238,8.75,29.17
623ab411fb492fa5df2963fe,895,8.75,29.17
623ad444fb492fa5df2e54b2,335,8.75,29.17
623aa0a9fb492fa5df262f9f,334,8.75,29.17
623ab813fb492fa5df2a0867,368,8.75,29.17
623a71c6fb492fa5df1d65bb,402,8.75,29.17
623aae3efb492fa5df28735a,433,8.75,29.17
623a41cffb492fa5df1181bd,1524,8.75,29.17
623aa5e9fb492fa5df271253,539,8.75,29.17
623ab813fb492fa5df2a0867,1048,8.75,29.17
623aa212fb492fa5df266d33,178,7.25,29.0
623aae0cfb492fa5df286b6f,232,8.5,28.33
623a343ffb492fa5df0d1d44,937,8.25,27.5
623a8b31fb492fa5df225f95,1810,8.25,27.5
623a48fcfb492fa5df1392d7,785,8.25,27.5
623a3a1efb492fa5df0f1d9e,1787,8.25,27.5
623ab752fb492fa5df29ea1b,756,6.75,27.0
623ab8abfb492fa5df2a2075,417,6.75,27.0
623a5e1efb492fa5df190b33,474,4.0,26.67
623a3724fb492fa5df0e2163,1604,8.0,26.67
623a3313fb492fa5df0cb1a2,137,5.25,26.25
623a4a56fb492fa5df13f319,531,5.25,26.25
623ac604fb492fa5df2c30de,1510,6.5,26.0
623a48fcfb492fa5df1392d7,547,7.75,25.83
623acf7dfb492fa5df2d9ee7,372,7.75,25.83
623a3a1efb492fa5df0f1d9e,1512,7.75,25.83
623a4e76fb492fa5df1513f2,111,3.75,25.0
623abf33fb492fa5df2b259d,174,3.75,25.0
623a6c3efb492fa5df1c3926,66,3.75,25.0
623ab03bfb492fa5df28c569,313,3.75,25.0
623a3486fb492fa5df0d370d,613,3.75,25.0
623a35c5fb492fa5df0da820,325,3.75,25.0
623aae3efb492fa5df28735a,87,3.75,25.0
623aa068fb492fa5df26247d,329,3.75,25.0
623a3724fb492fa5df0e2163,770,3.75,25.0
623abc75fb492fa5df2ab84a,199,3.75,25.0
623a4fb2fb492fa5df156846,199,3.75,25.0
623a9db6fb492fa5df25ad86,230,3.75,25.0
623aa0a9fb492fa5df262f9f,165,5.0,25.0
623aa7c1fb492fa5df2760bd,217,5.0,25.0
623a48f5fb492fa5df1390e1,271,5.0,25.0
623a8c36fb492fa5df228faa,289,5.0,25.0
623a338ffb492fa5df0cde2b,123,5.0,25.0
623a748efb492fa5df1df7df,312,5.0,25.0
623acf1dfb492fa5df2d9059,423,5.0,25.0
623a71c6fb492fa5df1d65bb,111,6.25,25.0
623a4e7cfb492fa5df1515a9,154,6.25,25.0
623ad5a9fb492fa5df2e88aa,76,6.25,25.0
623a4e7cfb492fa5df1515a9,293,6.25,25.0
623a71c6fb492fa5df1d65bb,514,6.25,25.0
623aae3efb492fa5df28735a,396,6.25,25.0
623a6c3efb492fa5df1c3926,284,6.25,25.0
623a6f07fb492fa5df1cd1cb,643,6.25,25.0
623aa0a9fb492fa5df262f9f,288,6.25,25.0
623ad09bfb492fa5df2dc9d4,456,7.5,25.0
623a6c3efb492fa5df1c3926,147,7.5,25.0
623a9945fb492fa5df24e7e6,383,7.5,25.0
623aae3efb492fa5df28735a,310,7.5,25.0
623a5e57fb492fa5df1918bc,87,7.5,25.0
623a4bedfb492fa5df14639d,1066,7.5,25.0
623aa0a9fb492fa5df262f9f,405,7.5,25.0
623aa465fb492fa5df26d16f,859,6.0,24.0
623ac694fb492fa5df2c46e3,1210,4.75,23.75
623a3243fb492fa5df0c6751,212,3.5,23.33
623ab752fb492fa5df29ea1b,1162,7.0,23.33
623ad513fb492fa5df2e72c7,1810,6.75,22.5
623a7a6afb492fa5df1f25e9,254,6.75,22.5
623a7a6afb492fa5df1f25e9,1199,4.25,21.25
623a4e7cfb492fa5df1515a9,618,4.25,21.25
623a360cfb492fa5df0dc049,1810,6.25,20.83
623a42b2fb492fa5df11c4b7,235,6.25,20.83
623a4e7cfb492fa5df1515a9,279,6.25,20.83
623a8694fb492fa5df21823e,1256,6.25,20.83
623a5273fb492fa5df16218e,416,6.25,20.83
623aaa81fb492fa5df27d599,1600,6.25,20.83
623a48f5fb492fa5df1390e1,606,6.25,20.83
623a4e27fb492fa5df14feb0,824,6.25,20.83
623a9db6fb492fa5df25ad86,514,6.25,20.83
623aae0cfb492fa5df286b6f,240,6.0,20.0
623ac3a3fb492fa5df2bd3fc,1500,5.0,20.0
623a7b9efb492fa5df1f6373,400,5.0,20.0
623a608cfb492fa5df199dfd,299,5.0,20.0
623ab1ddfb492fa5df2908d3,524,5.0,20.0
623a3486fb492fa5df0d370d,269,5.0,20.0
623ac536fb492fa5df2c1193,102,5.0,20.0
623a4a56fb492fa5df13f319,678,5.0,20.0
623abbdbfb492fa5df2aa029,143,5.75,19.17
623a846afb492fa5df2118a2,1210,3.75,18.75
623ab2ccfb492fa5df292fb3,280,3.75,18.75
623a7c7efb492fa5df1f8f7c,467,3.75,18.75
623a3f1bfb492fa5df10b0de,1800,5.25,17.5
623ad5a9fb492fa5df2e88aa,141,5.25,17.5
623aae0cfb492fa5df286b6f,1162,4.25,17.0
623a9930fb492fa5df24e40b,1810,5.0,16.67
623a3b3afb492fa5df0f7885,231,5.0,16.67
623aaa81fb492fa5df27d599,227,2.5,16.67
623aa5e9fb492fa5df271253,198,2.5,16.67
623a4e7cfb492fa5df1515a9,78,2.5,16.67
623a48f5fb492fa5df1390e1,451,2.5,16.67
623a7666fb492fa5df1e5873,267,2.5,16.67
623a4e7cfb492fa5df1515a9,219,5.0,16.67
623a9930fb492fa5df24e40b,667,5.0,16.67
623a4bedfb492fa5df14639d,1253,5.0,16.67
623a6c3efb492fa5df1c3926,1151,5.0,16.67
623a9db6fb492fa5df25ad86,503,5.0,16.67
623a52bafb492fa5df163464,158,5.0,16.67
623ac775fb492fa5df2c693d,886,5.0,16.67
623a42b2fb492fa5df11c4b7,50,4.0,16.0
623a3724fb492fa5df0e2163,103,4.75,15.83
623acb7cfb492fa5df2d04f4,104,4.5,15.0
623aa0ecfb492fa5df263b2b,806,3.0,15.0
623a4337fb492fa5df11ec48,187,3.0,15.0
623ab03bfb492fa5df28c569,523,3.75,15.0
623a5501fb492fa5df16ca79,1304,3.75,15.0
623ace64fb492fa5df2d7493,553,3.25,13.0
623a9e9bfb492fa5df25d524,1810,3.75,12.5
623aae0cfb492fa5df286b6f,151,3.75,12.5
623ab752fb492fa5df29ea1b,1731,3.75,12.5
623a4e7cfb492fa5df1515a9,184,3.75,12.5
623a4e7cfb492fa5df1515a9,319,3.75,12.5
623a4e7cfb492fa5df1515a9,246,3.75,12.5
623aa0a9fb492fa5df262f9f,80,3.75,12.5
623a7670fb492fa5df1e5a75,729,3.75,12.5
623a4e7cfb492fa5df1515a9,77,3.75,12.5
623a3724fb492fa5df0e2163,1510,3.0,12.0
623ab8c4fb492fa5df2a2457,103,3.5,11.67
623acd6dfb492fa5df2d501f,358,3.25,10.83
623a72ecfb492fa5df1da27e,1210,2.0,10.0
623a9fc8fb492fa5df260923,419,2.5,10.0
623a48f5fb492fa5df1390e1,561,2.5,10.0
623a71c6fb492fa5df1d65bb,110,2.75,9.17
623a3b3afb492fa5df0f7885,1510,2.25,9.0
623a3313fb492fa5df0cb1a2,26,1.75,8.75
623a3313fb492fa5df0cb1a2,35,2.5,8.33
623a52bafb492fa5df163464,423,1.25,8.33
623a4e7cfb492fa5df1515a9,96,1.25,8.33
623abf33fb492fa5df2b259d,373,2.5,8.33
623a7666fb492fa5df1e5873,1810,2.25,7.5
623a710ffb492fa5df1d401d,1510,1.75,7.0
623ab03bfb492fa5df28c569,827,2.0,6.67
623a48d2fb492fa5df138705,41,1.25,6.25
623a3724fb492fa5df0e2163,1810,1.75,5.83
623a52bafb492fa5df163464,160,1.75,5.83
623a7025fb492fa5df1d0ebc,1210,1.0,5.0
623a9af1fb492fa5df2532de,21,1.0,5.0
623a42b2fb492fa5df11c4b7,125,1.5,5.0
623a42b2fb492fa5df11c4b7,94,1.25,5.0
623a4e7cfb492fa5df1515a9,416,1.25,5.0
623a48d2fb492fa5df138705,68,1.25,5.0
623a41cffb492fa5df1181bd,1026,1.25,5.0
623ad372fb492fa5df2e361d,63,1.25,5.0
623a4a56fb492fa5df13f319,1478,1.5,5.0
623a48f5fb492fa5df1390e1,628,1.5,5.0
623a5273fb492fa5df16218e,467,1.5,5.0
623a4e7cfb492fa5df1515a9,120,1.25,4.17
623a4e7cfb492fa5df1515a9,457,1.25,4.17
623a4e7cfb492fa5df1515a9,811,1.25,4.17
623a46d7fb492fa5df12fa61,156,1.25,4.17
623aac8dfb492fa5df282c3d,214,1.25,4.17
623ac775fb492fa5df2c693d,555,1.25,4.17
623a3486fb492fa5df0d370d,249,1.25,4.17
623ad372fb492fa5df2e361d,341,1.25,4.17
623a48f5fb492fa5df1390e1,662,1.25,4.17
623a42b2fb492fa5df11c4b7,18,1.0,4.0
623a6c3efb492fa5df1c3926,15,1.0,4.0
623a454efb492fa5df1288bb,52,1.0,4.0
623a48fcfb492fa5df1392d7,624,1.0,4.0
623a6edbfb492fa5df1cc87f,1810,1.0,3.33
623ad444fb492fa5df2e54b2,58,1.0,3.33
623a42b2fb492fa5df11c4b7,71,0.75,2.5
623a42b2fb492fa5df11c4b7,148,0.5,2.0
623ace64fb492fa5df2d7493,88,0.5,1.67
623accbbfb492fa5df2d354c,93,0.25,1.25
623a6c3efb492fa5df1c3926,1810,0.25,0.83
623a42b2fb492fa5df11c4b7,1810,0.0,0.0
623a48d2fb492fa5df138705,1210,0.0,0.0
623a3724fb492fa5df0e2163,1210,0.0,0.0
623a574ffb492fa5df175f7d,1210,0.0,0.0
623a941afb492fa5df23fdf8,1810,0.0,0.0
623ac061fb492fa5df2b5443,1510,0.0,0.0
623ab411fb492fa5df2963fe,1510,0.0,0.0
623acccdfb492fa5df2d382b,1810,0.0,0.0
623a42b2fb492fa5df11c4b7,1810,0.0,0.0
623a9117fb492fa5df237351,1810,0.0,0.0
623a4e7cfb492fa5df1515a9,1210,0.0,0.0
623ac604fb492fa5df2c30de,1210,0.0,0.0
623a3313fb492fa5df0cb1a2,1210,0.0,0.0
623a574ffb492fa5df175f7d,1210,0.0,0.0
623a3486fb492fa5df0d370d,1810,0.0,0.0
623ac953fb492fa5df2cb1d9,1810,0.0,0.0
623abf33fb492fa5df2b259d,1810,0.0,0.0
623a941afb492fa5df23fdf8,1810,0.0,0.0
623a74effb492fa5df1e0bc8,1810,0.0,0.0
623ab3e3fb492fa5df295ca1,1810,0.0,0.0
623ad09bfb492fa5df2dc9d4,1510,0.0,0.0
623a454efb492fa5df1288bb,1510,0.0,0.0
623ac40ffb492fa5df2be482,1810,0.0,0.0
623acccdfb492fa5df2d382b,1810,0.0,0.0
623aa212fb492fa5df266d33,1810,0.0,0.0
623a9117fb492fa5df237351,1510,0.0,0.0
623a3724fb492fa5df0e2163,1510,0.0,0.0
623aa54ffb492fa5df26f883,1510,0.0,0.0
623a3724fb492fa5df0e2163,1510,0.0,0.0
623a925efb492fa5df23ae5a,1510,0.0,0.0
623ab411fb492fa5df2963fe,1510,0.0,0.0
623a48f5fb492fa5df1390e1,1510,0.0,0.0
623a74effb492fa5df1e0bc8,1510,0.0,0.0
623a3724fb492fa5df0e2163,1510,0.0,0.0
623a6c3efb492fa5df1c3926,910,0.0,0.0
623a75eefb492fa5df1e3fd2,910,0.0,0.0
623acba8fb492fa5df2d0ba7,910,0.0,0.0
623ab59afb492fa5df29a357,1810,0.0,0.0
623acd6dfb492fa5df2d501f,1810,0.0,0.0
623acf3cfb492fa5df2d950c,1810,0.0,0.0
623acccdfb492fa5df2d382b,1810,0.0,0.0
623a42b2fb492fa5df11c4b7,1810,0.0,0.0
623a574ffb492fa5df175f7d,1810,0.0,0.0
623a7a6afb492fa5df1f25e9,1810,0.0,0.0
623a318cfb492fa5df0c2456,1810,0.0,0.0
623a4337fb492fa5df11ec48,1810,0.0,0.0
623ab411fb492fa5df2963fe,1810,0.0,0.0
623a9db6fb492fa5df25ad86,1210,0.0,0.0
623aa4acfb492fa5df26dd62,1210,0.0,0.0
623ab813fb492fa5df2a0867,1210,0.0,0.0
623a7a6afb492fa5df1f25e9,1210,0.0,0.0
623ab3e3fb492fa5df295ca1,1210,0.0,0.0
623ab95cfb492fa5df2a3c2a,739,0.0,0.0
623a58e1fb492fa5df17c4a8,1210,0.0,0.0
623acccdfb492fa5df2d382b,1210,0.0,0.0
623a9117fb492fa5df237351,1210,0.0,0.0
623a8675fb492fa5df217c5b,1210,0.0,0.0
623abc84fb492fa5df2aba9b,1210,0.0,0.0
623a7327fb492fa5df1dae44,1210,0.0,0.0
623a8c9dfb492fa5df22a281,1210,0.0,0.0
623a6d59fb492fa5df1c764b,1210,0.0,0.0
623a338ffb492fa5df0cde2b,1210,0.0,0.0
623a6164fb492fa5df19d01a,1210,0.0,0.0
623a41cffb492fa5df1181bd,1210,0.0,0.0
623a3724fb492fa5df0e2163,1210,0.0,0.0
623a574ffb492fa5df175f7d,1210,0.0,0.0
623aa09afb492fa5df262d0e,1210,0.0,0.0
623ab872fb492fa5df2a1778,1810,0.0,0.0
623a5fc0fb492fa5df196e94,1810,0.0,0.0
623a74effb492fa5df1e0bc8,1810,0.0,0.0
623a3313fb492fa5df0cb1a2,1810,0.0,0.0
623a4e27fb492fa5df14feb0,1810,0.0,0.0
623aac8dfb492fa5df282c3d,1810,0.0,0.0
623a925efb492fa5df23ae5a,1810,0.0,0.0
623a454efb492fa5df1288bb,1810,0.0,0.0
623a3486fb492fa5df0d370d,1810,0.0,0.0
623a574ffb492fa5df175f7d,1810,0.0,0.0
623a925efb492fa5df23ae5a,1810,0.0,0.0
623aae3efb492fa5df28735a,1810,0.0,0.0
623a5fc0fb492fa5df196e94,1810,0.0,0.0
623aa54ffb492fa5df26f883,1810,0.0,0.0
623abccdfb492fa5df2ac61d,1810,0.0,0.0
623ab34ffb492fa5df2944b6,1810,0.0,0.0
623a4f0cfb492fa5df153bc4,1810,0.0,0.0
623a3979fb492fa5df0ee826,1810,0.0,0.0
623ab03bfb492fa5df28c569,1810,0.0,0.0
623a7b9efb492fa5df1f6373,1810,0.0,0.0
623a318cfb492fa5df0c2456,1810,0.0,0.0
623a4c11fb492fa5df146d79,1810,0.0,0.0
623a4fb2fb492fa5df156846,1810,0.0,0.0
623a8787fb492fa5df21b014,1810,0.0,0.0
623a6ae8fb492fa5df1beee1,1810,0.0,0.0
623ab3e3fb492fa5df295ca1,1810,0.0,0.0
623a71c6fb492fa5df1d65bb,1810,0.0,0.0
623a338ffb492fa5df0cde2b,1510,0.0,0.0
623a7666fb492fa5df1e5873,1510,0.0,0.0
623ad5effb492fa5df2e92ab,1510,0.0,0.0
623a7c7efb492fa5df1f8f7c,1510,0.0,0.0
623aa02ffb492fa5df261aa5,1510,0.0,0.0
623a614afb492fa5df19ca21,1510,0.0,0.0
623a4f0cfb492fa5df153bc4,1510,0.0,0.0
623ab44cfb492fa5df296d6d,1510,0.0,0.0
623ab72dfb492fa5df29e41b,1810,0.0,0.0
623ab1ddfb492fa5df2908d3,1810,0.0,0.0
623ac40ffb492fa5df2be482,1810,0.0,0.0
623a343ffb492fa5df0d1d44,1810,0.0,0.0
623a338ffb492fa5df0cde2b,1810,0.0,0.0
623a42b2fb492fa5df11c4b7,1810,0.0,0.0
623a7eeafb492fa5df2008db,1810,0.0,0.0
623a9af1fb492fa5df2532de,1810,0.0,0.0
623aa5e9fb492fa5df271253,1810,0.0,0.0
623aba31fb492fa5df2a5d79,1810,0.0,0.0
623aa83ffb492fa5df2775ed,1510,0.0,0.0
623a58bbfb492fa5df17bb36,1510,0.0,0.0
623ab95afb492fa5df2a3be6,1510,0.0,0.0
623a42b2fb492fa5df11c4b7,1510,0.0,0.0
623a4c37fb492fa5df1477c3,1510,0.0,0.0
623ac061fb492fa5df2b5443,1510,0.0,0.0
623a4a56fb492fa5df13f319,1510,0.0,0.0
623a3724fb492fa5df0e2163,1510,0.0,0.0
623ab3e3fb492fa5df295ca1,1510,0.0,0.0
623a48d2fb492fa5df138705,1510,0.0,0.0
623acdacfb492fa5df2d5960,1510,0.0,0.0
623a360cfb492fa5df0dc049,1510,0.0,0.0
623ab411fb492fa5df2963fe,1510,0.0,0.0
623a48f5fb492fa5df1390e1,1510,0.0,0.0
623acc94fb492fa5df2d2fb1,1510,0.0,0.0
623a574ffb492fa5df175f7d,1510,0.0,0.0
623a3724fb492fa5df0e2163,1510,0.0,0.0
623acd8dfb492fa5df2d54bb,1510,0.0,0.0
623a7246fb492fa5df1d806e,910,0.0,0.0
623a8278fb492fa5df20b953,910,0.0,0.0
623aba31fb492fa5df2a5d79,910,0.0,0.0
623a6ae8fb492fa5df1beee1,910,0.0,0.0
623a338ffb492fa5df0cde2b,910,0.0,0.0
623a4e50fb492fa5df1509dc,910,0.0,0.0
623ab493fb492fa5df2978dc,910,0.0,0.0
623ab3e3fb492fa5df295ca1,910,0.0,0.0
623acba8fb492fa5df2d0ba7,910,0.0,0.0
623ab95afb492fa5df2a3be6,910,0.0,0.0
623aba2cfb492fa5df2a5c9f,910,0.0,0.0
623a941afb492fa5df23fdf8,910,0.0,0.0
623a5759fb492fa5df1761dc,910,0.0,0.0
623a4076fb492fa5df111aae,910,0.0,0.0
623ac8e1fb492fa5df2ca08e,910,0.0,0.0
623ad5effb492fa5df2e92ab,910,0.0,0.0
623a6c3efb492fa5df1c3926,910,0.0,0.0
623a68a2fb492fa5df1b7010,1810,0.0,0.0
623a3a1efb492fa5df0f1d9e,1810,0.0,0.0
623aa191fb492fa5df265769,-12,0.0,0.0
623aa02ffb492fa5df261aa5,1810,0.0,0.0
623a4076fb492fa5df111aae,1810,0.0,0.0
623a338ffb492fa5df0cde2b,1810,0.0,0.0
623a6f69fb492fa5df1ce709,1810,0.0,0.0
623ab1ddfb492fa5df2908d3,1810,0.0,0.0
623a6164fb492fa5df19d01a,1810,0.0,0.0
623a9117fb492fa5df237351,1810,0.0,0.0
623ab411fb492fa5df2963fe,1810,0.0,0.0
623ab03bfb492fa5df28c569,1810,0.0,0.0
623a4a56fb492fa5df13f319,1810,0.0,0.0
623a3486fb492fa5df0d370d,1210,0.0,0.0
623a52bafb492fa5df163464,1210,0.0,0.0
623ad513fb492fa5df2e72c7,1210,0.0,0.0
623acd8dfb492fa5df2d54bb,1210,0.0,0.0
623a51f3fb492fa5df160079,1210,0.0,0.0
623a632bfb492fa5df1a38df,1210,0.0,0.0
623a46ccfb492fa5df12f732,1200,0.0,0.0
623a4567fb492fa5df129054,1210,0.0,0.0
623aa02ffb492fa5df261aa5,1210,0.0,0.0
623ab88bfb492fa5df2a1b70,1210,0.0,0.0
623a9324fb492fa5df23d212,1210,0.0,0.0
623acccdfb492fa5df2d382b,1210,0.0,0.0
623a6992fb492fa5df1ba4f2,222,0.0,0.0
623ace64fb492fa5df2d7493,1210,0.0,0.0
623ab59afb492fa5df29a357,1210,0.0,0.0
623ab8e4fb492fa5df2a292f,1210,0.0,0.0
623abc84fb492fa5df2aba9b,1210,0.0,0.0
623a54f8fb492fa5df16c814,1210,0.0,0.0
623aa54ffb492fa5df26f883,1210,0.0,0.0
623aa09cfb492fa5df262d86,1210,0.0,0.0
623a3313fb492fa5df0cb1a2,1210,0.0,0.0
623a3724fb492fa5df0e2163,1210,0.0,0.0
623a48d2fb492fa5df138705,34,0.0,0.0
623a338ffb492fa5df0cde2b,257,0.0,0.0
623aac8dfb492fa5df282c3d,192,0.0,0.0
623ad5a9fb492fa5df2e88aa,43,0.0,0.0
623a4e7cfb492fa5df1515a9,328,0.0,0.0
623a4e7cfb492fa5df1515a9,65,0.0,0.0
623a574ffb492fa5df175f7d,1810,-0.25,-0.83
623a8286fb492fa5df20bc1d,32,-0.25,-0.83
623a7a14fb492fa5df1f148e,1210,-0.25,-1.25
623a8675fb492fa5df217c5b,1210,-0.25,-1.25
623a574ffb492fa5df175f7d,1210,-0.25,-1.25
623aa336fb492fa5df269e65,66,-0.25,-1.67
623ad1befb492fa5df2df54d,10,-0.5,-1.67
623a6c3efb492fa5df1c3926,1510,-0.75,-3.0
623aac8dfb492fa5df282c3d,1510,-1.0,-4.0
623aaa81fb492fa5df27d599,325,-1.25,-4.17
623a52bafb492fa5df163464,179,-1.25,-5.0
623a97dcfb492fa5df24a781,65,-1.25,-5.0
623aa0ecfb492fa5df263b2b,64,-1.25,-5.0
623a52bafb492fa5df163464,173,-2.0,-6.67
623a5273fb492fa5df16218e,364,-1.25,-8.33
623a4fb2fb492fa5df156846,429,-1.25,-8.33
623ac061fb492fa5df2b5443,358,-2.5,-10.0